track_id,predicted_key,correlation,error
251,A Major,0.728036483997056,
181,B Minor,0.7587454280755853,
141,A# Major,0.8623554745189167,
173,B Major,0.5950309159569622,
347,E Minor,0.49186975482231066,
411,G Major,0.6899767892334636,
10,F# Major,0.9658535278254943,
331,A Major,0.5748020608081176,
534,D# Major,0.5479753362048693,
213,F# Minor,0.8265765384788694,
384,D# Major,0.6658591859109075,
184,A# Minor,0.7801732499085555,
532,C# Major,0.6151492286728979,
533,F Minor,0.6900156894929824,
535,B Major,0.35342875009339225,
153,E Major,0.5829587423525329,
538,G# Minor,0.6006444789247681,
549,G Minor,0.36879579196856604,
536,G# Minor,0.7641736699489087,
540,G# Major,0.7344346422198967,
564,C Minor,0.5727768072362034,
565,E Major,0.825141971885369,
547,G# Minor,0.533205452643664,
546,G# Minor,0.3537881930567699,
567,B Minor,0.37877167416355695,
571,F# Major,0.6366669950339647,
570,A Minor,0.5589915642144383,
569,B Major,0.7540259208135155,
566,C Minor,0.5803760072257869,
572,E Major,0.5573838734115033,
542,B Minor,0.39338150028201246,
579,A Minor,0.5100861098090418,
610,D Minor,0.6521055408254636,
608,A Major,0.6282149690807908,
580,A Minor,0.6563256250606085,
611,G Major,0.9268925683770737,
574,G# Minor,0.6521356544347457,
634,E Minor,0.5836323211046461,
612,D Major,0.47258619844216204,
625,C Major,0.9113296322386305,
573,G Minor,0.8784347656161307,
670,C# Minor,0.46451500127416384,
671,C# Minor,0.486461247820427,
805,B Minor,0.44280174228535224,
692,F# Minor,0.4199708844670961,
678,C# Major,0.7329703757329911,
814,F# Minor,0.6624096747000939,
679,C# Major,0.7332802917198464,
706,F Minor,0.7586528644622402,
708,G Major,0.7425174612212297,
705,D Major,0.7301207870695787,
1014,C Minor,0.46891067914861945,
1015,F Minor,0.5583203693565275,
1045,G Minor,0.26221419195155754,
1007,D Minor,0.5315937011403312,
1042,G Major,0.44801189095880267,
1017,A# Minor,0.5416390879331616,
1073,D Major,0.5946172942645797,
1016,C# Minor,0.45832603892178303,
1044,D Major,0.39211193069978123,
1049,C Minor,0.6365556653988949,
1076,B Minor,0.9117046936278166,
1050,E Minor,0.37774214075586915,
1085,G Major,0.5616911160244302,
1046,G# Minor,0.41409446996577276,
1086,E Major,0.709689168076842,
1088,B Major,0.5061230453831216,
1156,A Major,0.6470981286946343,
1159,G Major,0.7820554280633568,
1157,B Major,0.4118102003724801,
1133,D Major,0.7777224348212437,
1091,A Minor,0.5845003262452175,
1160,A Major,0.47667786657393596,
1161,E Minor,0.6175672074615436,
1162,E Major,0.8356460320477848,
1083,C Minor,0.5759469050858501,
1116,D# Minor,0.5268547783980352,
1163,C Major,0.521169923482968,
1168,E Minor,0.8147544535164694,
1165,A Minor,0.6675619961399363,
1172,A Minor,0.6678206200535916,
1170,C Major,0.5209143195000372,
1171,E Minor,0.4886469669444535,
1177,C# Minor,0.920885933269274,
1167,C Minor,0.856676406258495,
1174,F# Major,0.6221586955454979,
1175,A Major,0.4940831480276801,
1173,F# Minor,0.4646101476040144,
1181,D Major,0.8312901583500072,
1183,E Major,0.7638524591657763,
1190,E Minor,0.5128288176657793,
1186,D Minor,0.7027991734355661,
1194,A Minor,0.5778080829647434,
1182,E Major,0.6716749259861341,
1189,F# Minor,0.7475469815384361,
1179,D Major,0.9045984130891677,
1192,C Minor,0.7525260609368807,
1187,A Minor,0.8326969815089956,
1232,F# Major,0.65169689462984,
1199,C# Major,0.7389387019576155,
1191,F Major,0.5418257786213159,
1275,A# Major,0.44082702731769025,
1193,G# Minor,0.5304757978289075,
1381,A Minor,0.49777773687700055,
1354,B Minor,0.5023393513972362,
1219,C Major,0.6864900885456474,
1198,D Minor,0.40248118638869473,
1277,D# Major,0.3826918824645802,
1235,F# Major,0.6780994780805344,
1450,A# Major,0.821906555633473,
1417,E Major,0.5608914229921492,
1420,E Minor,0.7878659224459638,
1419,E Minor,0.43025219267355114,
1231,E Major,0.7196773880809402,
1499,C Major,0.9002514682338633,
1418,A Major,0.7690419446025076,
1451,D Major,0.7701348012686504,
1474,B Minor,0.4941491615329806,
1526,A# Minor,0.5174247922770256,
1529,C# Minor,0.6512521397797765,
1476,G Major,0.6995610300035309,
1536,E Minor,0.6037332927520934,
1475,D# Major,0.7777390428945673,
1531,D# Minor,0.7647775336937084,
1530,A Major,0.5549630980437791,
1535,G Minor,0.5683082741012855,
1590,A Major,0.7055627757127414,
1541,C# Minor,0.6184602027772177,
1534,B Minor,0.7731813129477778,
1540,E Minor,0.7194403226655379,
1546,E Major,0.8833980230075378,
1542,A Minor,0.7980665063915767,
1592,D Minor,0.8143713384211476,
1593,B Minor,0.4483550966910252,
1596,B Minor,0.7290043317982077,
1603,D# Major,0.46925517603078704,
1601,C# Minor,0.6633522819249759,
1604,E Minor,0.5582015973903242,
1611,E Minor,0.781586583746997,
1595,B Major,0.4924973947394832,
1599,E Major,0.6213508429121586,
1615,C Major,0.680660287503082,
1610,A Major,0.8102533450010491,
1618,C Major,0.8619662789303766,
1605,E Minor,0.6954633348894972,
1612,E Major,0.8123067829993774,
1616,A Minor,0.5534811196733165,
1617,A Major,0.6613732463549569,
1614,D Major,0.7046603667171757,
1619,A Major,0.5726690246204459,
1643,D# Minor,0.7704384308904679,
1727,D Major,0.6538722916789833,
1887,C Major,0.7411402416150848,
1708,B Minor,0.6771953973121316,
1844,G Major,0.9014032763928032,
1841,G# Major,0.772168469265505,
1886,B Major,0.5942684120332707,
1893,G Major,0.5666984870332262,
1894,C Major,0.8895991807045992,
1895,A Minor,0.6437315685095355,
1899,A Minor,0.7115459315858278,
1892,A Major,0.7037273507291046,
1898,C Minor,0.4485890677544675,
1896,G# Major,0.568996699587906,
1913,D Major,0.8256538918501914,
1914,C Major,0.8476379641417593,
1901,C Major,0.7376824975143152,
1900,D Major,0.728694587292996,
1923,G Major,0.8167634224539234,
1920,G Major,0.7906027470428201,
1940,G# Minor,0.3254043691013434,
2070,F Major,0.6377198613144249,
1944,E Minor,0.36782839553617813,
1941,E Minor,0.4787991956434259,
1942,F# Minor,0.2883963915410202,
3542,C Major,0.8737471391868445,
2127,G Major,0.8195343013386726,
2099,C# Major,0.7570834101260177,
2126,D Major,0.46358401615759703,
3545,G Major,0.6244796920548762,
3465,E Minor,0.7847586516850824,
3581,E Minor,0.8922489183227308,
3429,C Major,0.6097137123522381,
3702,E Major,0.4765035250524148,
3619,E Major,0.8530868495227681,
3612,B Minor,0.622027601757268,
3700,C# Minor,0.6453050163389933,
3941,E Major,0.9134172293004305,
3694,E Minor,0.6821428371897088,
3956,B Minor,0.6711082147325608,
3741,D Major,0.8492208099011995,
4195,E Minor,0.7171531564041088,
4198,A# Minor,0.754618080111184,
3863,A Minor,0.6522162262663458,
3853,A Major,0.8575470049963403,
4203,G Major,0.9098788519096848,
4350,D Major,0.7575407823379,
4345,G Major,0.6430326236396126,
4206,G Major,0.6588738229009662,
4224,E Minor,0.7561097506281812,
4211,G Major,0.8243452619971693,
4402,E Minor,0.30355265030074025,
4776,A Major,0.6441453726444807,
4401,A Major,0.5776728991883073,
4403,B Major,0.6620366205808659,
4717,C Major,0.6935035036164903,
4858,D Minor,0.6274646463807062,
4928,G Major,0.779043505420237,
4400,A Minor,0.8056440445188011,
4856,G# Major,0.6700280174187488,
4798,D Minor,0.5602752512640723,
4684,A# Major,0.43460350560529865,
4926,A# Minor,0.4569686236642565,
4971,G Minor,0.734896199893124,
4929,C# Major,0.31708751779420086,
4686,F# Major,0.6501528963178564,
5007,C# Minor,0.6673755901758877,
5023,B Minor,0.8461392460107179,
5012,G Major,0.8310484296330045,
4994,B Minor,0.8471379800820723,
5021,A Major,0.7219005183323156,
4886,G Major,0.43102858573317576,
5055,F Major,0.6483963180750961,
5056,G Major,0.6852437916135172,
5049,F# Minor,0.9075628633488075,
4989,G Major,0.7645501440596454,
5051,G# Major,0.8221381378242995,
5054,C Major,0.8152208491672469,
5050,A# Major,0.9329105931047934,
5052,C Major,0.8577230699464502,
5095,C Major,0.879485649064108,
5078,A Major,0.679683505801117,
5059,G Major,0.8745546306706209,
5060,D Major,0.831822721656632,
5153,A Major,0.8107036396603056,
5178,E Major,0.7270134985366702,
5061,B Major,0.7041456044407018,
5058,C# Major,0.9119989403355706,
5179,A Major,0.654712682845933,
5181,E Major,0.7212563724620178,
5192,E Major,0.7567381611851511,
5195,G Major,0.6174328996143792,
5240,D# Major,0.8076746791978875,
5064,D Major,0.7449088806909624,
5619,G Major,0.8190799397413042,
5990,C Major,0.6626949192132544,
5376,E Minor,0.7204373597278635,
6603,C Major,0.4539784397501437,
5562,E Major,0.7775241702703369,
6460,B Major,0.7744515237854319,
6607,G# Minor,0.3696851306186981,
5566,A Major,0.7285089210506789,
6669,C Minor,0.6004635261966234,
7011,E Major,0.7065245027166879,
5601,G Major,0.7304162943617268,
7390,E Major,0.5485810694736245,
7202,G Major,0.6050053932748103,
7179,A Minor,0.41420139311687904,
6670,C Major,0.6840799732127315,
7015,C Major,0.8342559384364645,
7014,G Minor,0.6742673903395016,
7391,D Major,0.7123399611557568,
7477,A Major,0.8086633844431423,
7481,F# Major,0.5434935383877842,
7482,C# Minor,0.5180072812350539,
7012,E Minor,0.8177003744385655,
7456,E Major,0.6558443355399678,
7487,A# Major,0.7913186029948053,
7529,G Major,0.6862256124242054,
7484,C Minor,0.6005133360080549,
7489,D# Minor,0.3908537518722679,
7492,F Major,0.6394732603673324,
7488,F Minor,0.7598024807977192,
7528,A Minor,0.7702318920197181,
7893,C Major,0.7272715430888603,
7713,A# Major,0.7546757329345735,
7490,F Minor,0.6348795667660229,
7901,A Major,0.7667867482058358,
7896,F# Minor,0.7195782732220114,
7934,G Minor,0.8226657941865065,
7827,F Minor,0.8325319205067627,
7898,A Minor,0.8433622165829615,
8017,E Major,0.7615908588623963,
8915,C Minor,0.5660571318872907,
8913,D# Minor,0.8027894952839668,
9486,A Major,0.8069268622934904,
8914,E Major,0.6839066923785341,
8910,D# Major,0.7921535758825646,
9487,C Major,0.7425212145373006,
7995,E Major,0.8168644015701586,
9491,C Minor,0.3753439550487024,
9485,C Major,0.8622365243351893,
9587,F# Minor,0.31291816480961065,
9581,D Major,0.6796317124887082,
9489,D Minor,0.6317867292553512,
9488,A Minor,0.64553327630509,
9510,G Minor,0.8640951458581463,
9655,G Major,0.6018278330425358,
9583,D Major,0.7149443905048607,
8283,E Minor,0.8128591946007897,
9494,F# Major,0.5676924290662736,
9695,F Minor,0.47123981394558495,
9659,C Major,0.6369133423265336,
9664,A# Major,0.8400831453307205,
9867,A# Major,0.4336413800779634,
9866,A# Major,0.36063336956484393,
9663,D# Major,0.9612696383655027,
9662,G# Major,0.8607468554167524,
9666,G Major,0.9269630865318578,
9665,C Major,0.8353455586359917,
9904,F Minor,0.5821258689058313,
9906,A# Minor,0.6558830332179003,
9905,A# Minor,0.7692187587736506,
9907,D# Minor,0.675891136394146,
9699,C Minor,0.5887157253081801,
9916,F Minor,0.4055066377582074,
9913,A# Major,0.8913581518803514,
9986,F Major,0.437464453261421,
9988,E Major,0.5411249340298984,
9987,B Major,0.5155839435083708,
9989,E Minor,0.6235306431802317,
9985,C Major,0.4517901206559058,
9999,B Minor,0.749750019541051,
9990,E Minor,0.5120749542957409,
10000,F Minor,0.658748606684515,
10003,G Minor,0.29416029810815236,
10001,B Minor,0.5649967932046321,
10002,F Major,0.8018495225924905,
10194,D Minor,0.33321412396785627,
10382,G# Major,0.7923425859015093,
10109,F Minor,0.8015295400809386,
10190,A Major,0.4611240081039298,
10415,C# Minor,0.725685418227109,
10381,E Major,0.8134256580232561,
10433,C Major,0.7807385849198217,
10438,A Major,0.7376765342578891,
10388,A Minor,0.777881466372243,
10412,E Major,0.7080439176564401,
10408,A Major,0.7602583160910464,
10440,G Minor,0.8516712893777129,
10443,G Minor,0.55560533195324,
10060,E Minor,0.3709675349212861,
10439,A Major,0.8559741077725866,
10441,G Minor,0.7097123461580453,
10518,E Major,0.8283576203243349,
10383,F# Major,0.7400981345605139,
10442,A# Minor,0.7499447503730663,
11019,G# Minor,0.7611108080711692,
10447,G Minor,0.7491766065296086,
10604,G Major,0.5028232980759411,
10575,E Major,0.8909365534461006,
11135,F Minor,0.8649740765803283,
10992,E Minor,0.9006335889850984,
11304,D Major,0.6903115187909055,
11154,F Minor,0.758926158941751,
11205,D Minor,0.5628571823311133,
11305,E Minor,0.744864827442141,
11306,D Major,0.8188181957438772,
11307,E Major,0.5979099740187251,
11438,B Minor,0.6284533353112928,
11434,A Major,0.7366727610862503,
11310,A Major,0.7565398145787962,
11309,D Major,0.8406661167655314,
11308,E Major,0.7974745605525123,
11623,E Minor,0.8221779457488719,
11444,G Minor,0.8614973833659169,
11156,F Minor,0.7422205661635544,
11657,C Minor,0.7961117675502154,
10941,A Minor,0.7503960964567589,
11472,F Major,0.8168394681425285,
11477,G Major,0.7003628315365867,
11954,G Minor,0.7575565563570612,
11960,D# Major,0.6826455463311101,
12000,F# Major,0.8115517166401593,
11940,E Minor,0.768948838278121,
11938,A Minor,0.674475238454416,
11956,G Major,0.8323825187691013,
12013,B Minor,0.7562083464316756,
12018,C Minor,0.6285041898814638,
11999,A Major,0.8375594962821115,
12020,G Minor,0.8312246201108608,
12014,C# Minor,0.6189303000020058,
11436,E Major,0.6594975630739585,
12131,A Minor,0.7446605919078186,
12176,A Minor,0.7370796510874894,
12147,D Minor,0.8394627919656438,
12105,C Major,0.6967945940211298,
12191,B Minor,0.7628436452137064,
12389,E Major,0.7181483465456562,
12189,A# Minor,0.7586355990407682,
12290,G Minor,0.8459175690238905,
12491,A# Major,0.8307054749129523,
12100,D Major,0.8147321334433741,
12492,C Major,0.37706414610838757,
12390,D Major,0.6500766963821323,
12021,G Major,0.7026203044025375,
12497,D Major,0.7335952683462523,
12496,G# Major,0.5771213585186086,
12494,D Minor,0.8962396028315176,
12500,D Minor,0.7566109098279413,
12507,C# Minor,0.30080992390916134,
12501,A Minor,0.7612805375246955,
12503,C Minor,0.35391172756208805,
12502,C# Minor,0.7441733865008539,
12504,C Major,0.4351861062490754,
12650,B Minor,0.7861169007837983,
12556,G# Major,0.881740602451566,
12592,C Major,0.8557284531623043,
12672,D Major,0.393043783305923,
12590,C Major,0.629686114002145,
12851,G# Minor,0.4215903497483395,
12946,D# Major,0.7576850942935675,
12855,F# Major,0.8865366590500309,
12901,F# Minor,0.7907651736009658,
12951,G# Major,0.819096205417108,
12947,G Major,0.6317119483766716,
12676,D Major,0.7248146258656292,
12003,A Minor,0.6981290217615069,
12953,A# Major,0.8987973553175463,
12945,A Major,0.8079381060313529,
13079,C# Major,0.9338681753837689,
13088,E Minor,0.6749682695071554,
13090,G# Major,0.7163746122524052,
13217,C# Major,0.8290708493105265,
12008,A Major,0.4059679003204584,
13247,A Minor,0.49343919077862874,
13200,D Minor,0.791240564632433,
13328,F Minor,0.8142418470068623,
13324,G# Major,0.5380255312871665,
13380,G Minor,0.8844804616811022,
13362,E Major,0.7280399698612722,
13249,A Minor,0.5965084404038826,
13177,D# Major,0.6447577871737387,
13709,C Minor,0.5272666398176636,
13597,E Minor,0.6629418429103782,
13591,A Major,0.654850748216885,
13474,D Minor,0.708842141550961,
13765,G Major,0.670587328685963,
13459,D Major,0.817997466915924,
13912,G Major,0.7513336428628544,
13939,G Major,0.7408898897052415,
13569,E Minor,0.8324016934694827,
13776,G# Major,0.6687385658457771,
13927,E Major,0.7789362564544275,
13967,E Major,0.7309260781430914,
13976,A Major,0.6704532208766248,
13914,B Major,0.7928200493793187,
14006,A Major,0.8221781113128797,
13980,E Major,0.8814135578886342,
14007,D Major,0.915302031467506,
14010,F Major,0.8019305626674356,
14014,E Major,0.848926580240015,
13938,C Major,0.78635670033105,
13998,A Major,0.926508499298121,
14012,A Major,0.9467548015022962,
14016,B Minor,0.7767077272130212,
14020,G Minor,0.6432540236553883,
14032,E Minor,0.4285600846015571,
14033,G Major,0.6676346586298814,
14039,A Minor,0.8160702370559362,
14035,G Minor,0.37672138453945664,
14019,G Major,0.880108280431698,
14063,C Major,0.697656869984141,
14068,G# Minor,0.7165140094017672,
14130,C# Minor,0.3873712605767873,
14132,A Major,0.7071941942908302,
14131,G# Minor,0.4642527752021151,
14067,C Major,0.35967516153161444,
14229,G Minor,0.6313770172939831,
14064,F# Major,0.3905136407490322,
14152,C Minor,0.6172608152784688,
14191,G Minor,0.4694356614710918,
14245,E Minor,0.4596466880168158,
14244,A Major,0.42006242508444314,
14240,G# Minor,0.4063500056148681,
14263,C Major,0.8111634064701617,
14279,D Major,0.5865333110956442,
14284,G Minor,0.5342764014426107,
14289,G Minor,0.5661339605646829,
14243,G Minor,0.34061153232963887,
14282,D Major,0.85561041432445,
14281,D Minor,0.6768408784547464,
14286,D Major,0.5832538363208013,
14347,A Minor,0.7924413323755207,
14287,D Major,0.6682663040594875,
14288,D Major,0.6428992975385491,
14364,F# Minor,0.5162751278240334,
14283,G Major,0.656821584842205,
14345,A Major,0.7996846457110998,
14384,D Major,0.7039923083348786,
14372,F Major,0.726351708635372,
14375,G Minor,0.8126545608327002,
14365,F# Minor,0.45236585731428136,
14386,B Minor,0.6286398103358303,
14479,E Minor,0.863235002409146,
14653,D# Major,0.609242945145964,
14651,F Major,0.886514158971278,
14684,E Major,0.8272665903280887,
14643,D# Major,0.7794089237244355,
14635,F# Minor,0.4741760850127407,
14661,C Major,0.8939548334053907,
14685,E Minor,0.8104029530428551,
14657,E Minor,0.6873243346224208,
14693,A Major,0.8586236043921834,
14738,D Major,0.6419444232256443,
14686,D# Major,0.7233617010178854,
14747,F Major,0.7567366552896203,
14886,A Minor,0.7469837899197573,
14737,G Major,0.782633595676034,
14882,D Major,0.9559974258196784,
14887,B Minor,0.7084144296444438,
14897,E Major,0.9210837423370817,
14895,G Major,0.9847228213847619,
14748,G Minor,0.6449042598552809,
14896,E Major,0.8512791058648008,
14891,E Major,0.8723649859434959,
14796,F# Minor,0.40382091636929895,
14908,G Major,0.8143519940933781,
14907,C Major,0.8522906449573077,
14941,D Major,0.6663743981146347,
14934,B Major,0.8036139457851563,
14942,A Major,0.6593893011396511,
14952,A Major,0.6937507747444966,
14953,G Major,0.8361161678283208,
14957,A Major,0.794119312822775,
14922,D Minor,0.7098070796747812,
14935,B Major,0.6159395952002502,
14954,E Major,0.9344895944067125,
14959,G Major,0.8496911141916172,
14964,A Minor,0.6783831282961017,
14978,G Major,0.8549819626006325,
14969,G Major,0.6943698724214696,
14990,E Minor,0.6356711055074512,
14999,A Major,0.6027242650515089,
14979,C Minor,0.6331465786480868,
15142,G# Minor,0.7169479489173199,
14968,B Major,0.5680060053447138,
15000,A Major,0.8366609438258638,
14967,D Major,0.7153482864089307,
15001,E Minor,0.8888277959638605,
15124,E Major,0.517168404751351,
15228,E Minor,0.5671257977319822,
15307,D Major,0.6315238148945885,
15446,F# Major,0.6974656317203708,
15044,A Minor,0.35974361294768115,
15438,F Major,0.6849859941372458,
15441,B Minor,0.6790290899269541,
15956,D Minor,0.4658571226127722,
15953,B Minor,0.8652520492664602,
15479,G Major,0.7338229226371962,
15954,C# Major,0.7365341574202833,
15893,F# Minor,0.47265009764264965,
15763,A Minor,0.33539711548046236,
15958,C# Minor,0.9274079806171646,
16115,G Minor,0.39416528853146315,
15957,A Minor,0.6826673061080886,
16062,D Major,0.8521159391568813,
16117,G# Minor,0.7035207814965428,
16118,A Minor,0.483743442663639,
16119,D# Minor,0.8788658977617738,
16120,G Minor,0.5283857163375691,
16121,F Major,0.47373950332264964,
16123,F Minor,0.46004520043253433,
16127,E Minor,0.41477843452337065,
16124,E Minor,0.3832700421868192,
16241,G# Major,0.6961885689615355,
16128,G Minor,0.8238870517346577,
16122,G# Minor,0.30164050130562303,
16126,C Major,0.6303814391091298,
16157,F Minor,0.7745656705624117,
16248,B Minor,0.4563162649276974,
16651,C Major,0.6766408166964404,
16392,A Minor,0.506906976832375,
16343,C Major,0.74244900895667,
16354,D# Minor,0.7695543044464722,
16650,F Minor,0.631780650246377,
16673,F Major,0.7014172311827039,
16242,D Major,0.7726903483899276,
16655,E Minor,0.7074030144217072,
16697,C# Minor,0.6488392724303736,
16652,G Major,0.5637230788413754,
16657,A Minor,0.6841084622343939,
16692,E Minor,0.5704705526827959,
16690,G# Major,0.5913549249957056,
16695,D# Minor,0.783160729539201,
16699,E Minor,0.8298553518560673,
16696,E Major,0.7598324573279792,
17132,A Major,0.7413630333036395,
16702,C# Minor,0.7563213171372372,
16983,D Minor,0.5033879342652599,
17133,G# Major,0.7454050616293324,
17364,A Major,0.8601335338756834,
17327,B Major,0.6815366456944506,
17524,A Major,0.8437745128775406,
16703,F# Major,0.6733799446644918,
17355,A Major,0.45967040583083146,
17328,G# Major,0.4250003730139634,
17576,C Minor,0.6040608856462021,
17589,B Minor,0.8695551908933434,
17601,D Major,0.7238004658312156,
17439,D Minor,0.4504169786782374,
17603,D Major,0.8435512822072783,
17602,F# Major,0.8356601656705787,
17595,C# Minor,0.8701608995740682,
17831,G Major,0.8272079395588084,
17992,D# Minor,0.8745844819959082,
17571,E Minor,0.7898503263051178,
17845,B Minor,0.8594838748236698,
17839,B Minor,0.9005288380915033,
18101,E Major,0.8949297581008311,
18104,E Major,0.8521191551837086,
18113,F Major,0.33423119993452266,
18140,A Major,0.8899376585760149,
18141,E Major,0.8106797670136305,
18142,A Minor,0.6113834941710176,
18384,A Major,0.8204468455628737,
18307,C# Minor,0.4445553689774762,
18347,C Major,0.7671282391660725,
18383,B Major,0.9034349411361734,
18586,F Major,0.4741897896544992,
18599,A# Minor,0.5791917035829252,
18394,B Minor,0.5725504259562537,
18642,D# Major,0.6343413119828367,
18584,D Minor,0.6199623691614097,
18603,F Major,0.806143260250694,
18694,G# Major,0.7772435562861529,
18616,D Major,0.5836780043644656,
18636,C# Major,0.7815772422157895,
18683,E Major,0.5858454312685697,
18712,F Major,0.8045731592252755,
18713,A# Major,0.862922398817527,
18742,B Major,0.6360171516571721,
18715,A# Major,0.828563605243629,
18710,A Minor,0.4951552771968803,
18751,A Major,0.6294762626720959,
18743,G Major,0.7460009525514006,
18744,E Major,0.7955755529672391,
18745,C Major,0.8613891678056192,
18746,A Major,0.6565260528711546,
18747,G Major,0.6708395015836548,
18823,E Major,0.8002018999657418,
18803,G Minor,0.627708516420223,
19207,D# Major,0.84103741779066,
18753,B Major,0.8197893976917563,
19253,B Minor,0.5299524421108968,
18891,E Minor,0.6192022999071454,
18888,E Minor,0.6714518018097703,
19070,G Major,0.7707174325399136,
18887,A Minor,0.8120104666956077,
19246,F# Minor,0.7571228497201402,
19250,D Major,0.6428558874384499,
19256,D Minor,0.8417748548120518,
19252,G Minor,0.4950937466763911,
19255,B Minor,0.5509106519510173,
19322,D Major,0.7290753214467839,
19297,D Minor,0.6180172436169352,
19254,B Minor,0.5105395555727568,
19264,D Minor,0.7402380914223129,
19257,A Major,0.6133227396930989,
19261,A Minor,0.5083065913345218,
19392,A# Major,0.6950283609590144,
19323,D Major,0.6799896820565011,
19260,A Minor,0.5973136836760548,
19397,D Major,0.5848280514440525,
19426,D Major,0.4148716399478338,
19440,E Major,0.6502601894556134,
19539,E Minor,0.9399766226530297,
19638,C Minor,0.8139255592249821,
19443,F# Minor,0.597739636681717,
19424,C# Minor,0.6794622200540736,
19637,F Major,0.7141726053960884,
19658,G Minor,0.5343966855933537,
19649,E Minor,0.7308013073541199,
19670,A Major,0.6998620205971083,
19683,G Major,0.8570654779145417,
19671,B Minor,0.7013235887925454,
19639,F Minor,0.5964262085771314,
19680,G Major,0.392938129825705,
19668,G# Minor,0.6711627018265783,
19718,F# Major,0.7732457024363403,
19721,F Minor,0.674612503776368,
19720,C# Major,0.36623038883398923,
19722,F# Minor,0.6241304629633996,
19684,G# Major,0.7910246117840557,
19708,C# Major,0.5681897739425824,
19757,G Minor,0.6032776380952491,
19724,D Minor,0.6876717369261073,
20013,A Minor,0.6217488483099475,
19726,F Minor,0.6032596343899432,
20033,A# Major,0.5172872643195315,
19741,D Minor,0.5466069812458025,
19707,G Minor,0.4064943125176207,
20044,F Major,0.581285048107568,
20052,D Major,0.7814106401541905,
20053,C Major,0.7715112788225192,
20055,B Major,0.8123898902992086,
19742,A# Minor,0.7303209757088172,
20123,D Major,0.8955393454227256,
20129,E Major,0.7876722631495394,
20152,F# Major,0.8100229491239159,
20206,C Minor,0.569227714170508,
20124,G Major,0.7072130140110707,
20256,F# Minor,0.8119160960133142,
20227,E Major,0.8976061356795443,
20230,E Minor,0.89555760602491,
19705,F Minor,0.35641893266248614,
20432,B Major,0.8061617260312607,
20265,D# Major,0.6024968469611898,
20266,F# Major,0.8168481654775267,
20690,C Minor,0.7216669563894538,
20263,F# Minor,0.8403244124686081,
20824,B Minor,0.3510979021174746,
20210,C Major,0.6125123784655078,
20229,G Major,0.877633691058841,
20434,C Minor,0.7845068836836012,
20565,G Major,0.8421708551431446,
21011,A Major,0.4182985738682946,
21014,D Major,0.6865124942026156,
20761,D# Major,0.681600396937845,
20826,F Major,0.4532854499360733,
21084,A Major,0.7466161571879175,
21083,G Major,0.7790290801977641,
21064,F Minor,0.6309463614416289,
21065,F Minor,0.7830968722980394,
21260,G Minor,0.48791021060297074,
21189,E Major,0.8521437494738783,
21086,B Major,0.8592079110608982,
21298,B Minor,0.7513210654142531,
21302,D# Major,0.8621092668691555,
21220,G Minor,0.7316290166559587,
21202,D Major,0.8021179934536783,
21100,D# Minor,0.6801431588044579,
21368,A Minor,0.628229748950885,
21085,D Major,0.7307487595437433,
21381,D Minor,0.8155372936441772,
21553,G Major,0.8274945780007897,
21379,G# Minor,0.7547310061081007,
21557,A# Major,0.8432031035120717,
21823,C Major,0.7943959138030494,
21827,D Major,0.8833770459426811,
21617,A Minor,0.7669106612297193,
21828,A Major,0.782071759552937,
21820,G Minor,0.8324779571158488,
21556,G# Minor,0.8473236804555627,
21555,G Major,0.8238727093808473,
21559,C# Minor,0.916145022070996,
21826,C Minor,0.6573754926851899,
22058,A# Major,0.6860997436470799,
21831,D Major,0.6594781692840045,
21829,C Major,0.9335486366908521,
22061,A# Major,0.4938467447669972,
21378,D Minor,0.5860437090306023,
21834,F Minor,0.8346943762288666,
22060,G# Major,0.7908164129220583,
21859,C Minor,0.6255042393761412,
21860,G Minor,0.767685952082626,
22097,C Minor,0.7836237798298774,
22059,B Minor,0.5740245313130107,
22284,G Major,0.871462664429367,
21961,G# Minor,0.6221110370157852,
22062,G Major,0.6827766768109805,
22195,B Major,0.9182933959898146,
22285,E Minor,0.8585433950632266,
22295,F Minor,0.44682225298017914,
22311,F# Minor,0.33530492797207195,
22318,F Major,0.5879185608624828,
22328,C Minor,0.41481571208740636,
22323,E Minor,0.5799344715805448,
22563,E Minor,0.4916986177647788,
22317,E Major,0.5490926055807822,
22322,G# Major,0.6981750087765454,
22556,D Major,0.8074679001462228,
22562,D Major,0.6756556528494775,
22319,G Major,0.6105401937576973,
22954,C Minor,0.5746876710865247,
22453,C# Minor,0.3950799295658245,
22996,A Minor,0.45781388363130077,
22997,A# Minor,0.6581996160959598,
22974,D Minor,0.5549414454701944,
22943,B Major,0.6476931624440763,
23011,D Major,0.4159458460933057,
23025,G Major,0.8647214308957166,
23015,E Major,0.8556901493344807,
23026,D Major,0.756035547908152,
23014,B Major,0.7317736618665774,
23059,D Major,0.8103086297291489,
23108,E Minor,0.7957693871017075,
23107,E Minor,0.8139891511443833,
23060,E Major,0.9241424481344537,
23173,A Minor,0.5383106786981143,
23339,F# Major,0.8170700487368846,
23172,G Major,0.6643101354213707,
23338,B Major,0.4103642280353714,
23177,E Minor,0.6216969676093338,
23181,A Minor,0.6705646134791114,
23096,F# Minor,0.9322391263489987,
22576,D Minor,0.7138451095133188,
23340,D Major,0.6225375429990209,
23370,A# Major,0.7250498297714213,
23342,F Major,0.6363240825225398,
23341,E Major,0.6378988511556557,
23800,C Major,0.7007603835156914,
23371,D# Minor,0.9355172935661993,
23797,C Minor,0.5742573244712197,
23851,B Minor,0.627389984478731,
23808,D# Minor,0.3325973521451758,
23859,C Minor,0.7278368996141039,
23856,C Minor,0.607811904126099,
23857,C Minor,0.5603649362473505,
23862,C Major,0.5287539485891785,
23861,C# Major,0.3693986116324763,
23888,E Minor,0.26132072213051044,
24014,D Major,0.630036858880207,
24015,F# Major,0.7324013267549476,
24017,C Major,0.8040726982639084,
24106,A Major,0.8257221849820398,
24016,C Major,0.7757017483681666,
24228,A Major,0.7773092572148268,
24227,F Major,0.8310180771322312,
24229,C Major,0.878914309783062,
24240,D Major,0.9407233918027699,
24230,A Major,0.7883759840413728,
24238,C Major,0.8765483416038817,
24241,A Major,0.7086401934724178,
24254,E Minor,0.8528392853992646,
24258,E Major,0.8835668794071191,
24262,E Minor,0.8248082954658252,
24256,E Major,0.9035799156241586,
24264,B Major,0.8242578336026259,
24270,G Major,0.46608037923327594,
24255,E Major,0.8883211911469064,
24271,F Minor,0.8556806184154122,
24257,E Minor,0.902649978011103,
24272,G Major,0.9178378332436674,
24736,C Major,0.8293555909155037,
24274,A Minor,0.6110934807610316,
24737,C# Minor,0.7499668253501179,
24877,G Major,0.7095414668263721,
24876,C Major,0.7798268936271925,
24856,D Minor,0.5599217888912807,
24866,E Major,0.8679279699892657,
24937,D Major,0.8702800328583247,
24868,C Minor,0.7688496085717812,
24938,C Major,0.7337111653018046,
24939,F Major,0.7383490031919021,
25062,B Major,0.851557768834551,
25086,E Major,0.7143291286679568,
25090,E Minor,0.6847154519850963,
25087,G# Minor,0.5590959113716634,
25636,D# Major,0.6976745046942107,
24941,B Minor,0.6061583459351274,
25085,D Minor,0.7451431348817098,
24942,D Major,0.7942456187351471,
25637,A Minor,0.8046717401746512,
25795,A Minor,0.6106148089043103,
25796,A Minor,0.653280155292435,
25906,A Major,0.7912990397262661,
25798,D Minor,0.6274322253370557,
26024,G Minor,0.6152363423012496,
25799,A Minor,0.8071206509505934,
25907,A Major,0.9371996502966491,
25908,A Major,0.9590321466448809,
25909,A# Major,0.7104890485802446,
26171,C# Minor,0.463997828637777,
26169,C Major,0.8531103832293232,
26173,B Major,0.8600020721886882,
26174,G Major,0.66044751177785,
26242,B Minor,0.7792731399208838,
26176,C Major,0.7503006256331235,
26175,A Minor,0.7208109311672737,
26177,F Major,0.9347435878031402,
26178,C Major,0.6772612382680312,
26179,A# Major,0.7311557035992019,
25800,D# Minor,0.6901919788344485,
26673,A Major,0.7902434015467411,
26311,F# Major,0.5405255153645654,
26894,E Major,0.6822431126823428,
26901,E Major,0.6431869363397151,
26679,D Minor,0.7966031977916833,
26737,G Minor,0.6901042480950269,
27183,D# Major,0.6880851074341424,
26680,A Minor,0.7875110746656221,
27224,C Major,0.43030120001845773,
27177,D Minor,0.8060418135675582,
26721,F# Major,0.3936111045434114,
27223,A Minor,0.7724421627399715,
27127,C Major,0.5862613362216,
27222,A Minor,0.8183615323884593,
27179,G Minor,0.5416384289230564,
27233,D Minor,0.5578473921207298,
27232,D Major,0.4021748851767994,
27230,A Minor,0.8586030770214692,
27258,G Minor,0.834520834919584,
27235,A Major,0.9317360039895085,
27231,A Minor,0.8113921923965294,
27548,B Major,0.916833490406995,
27607,C# Major,0.5335602236995737,
27549,G Major,0.7334495614172302,
27844,G Major,0.8020387913509515,
27845,C Major,0.8558479211079885,
27859,G Major,0.8419042925849684,
27862,A Minor,0.9007017820766398,
27861,A# Major,0.8528514101161931,
27550,E Minor,0.7696023795719243,
27864,G Major,0.7745388204158333,
27853,C# Major,0.6588170309653364,
27865,D Major,0.7852935823158089,
28070,C Major,0.4309670769651326,
27846,F# Minor,0.7787165477197091,
28084,C Major,0.7019306668862053,
28365,F Major,0.8666157832836436,
27979,D# Minor,0.44759764475871316,
28364,A Minor,0.7031261620646874,
28377,G Minor,0.8298098929444899,
28252,C Minor,0.7875998103396533,
28266,E Major,0.8229581562402462,
28400,B Major,0.851557768834551,
28428,F# Major,0.6138360432868102,
28429,E Major,0.7279021887906612,
28427,E Major,0.7887696549970737,
28430,A Major,0.8514934583161796,
28431,B Major,0.9029280548828541,
28388,G Minor,0.8516232386640792,
28396,D# Minor,0.6074737583678654,
28545,A Major,0.9480053666266018,
28589,B Minor,0.6700846709110976,
28435,F# Minor,0.8696250837925344,
28777,C Major,0.6768125551296376,
28548,G Major,0.8721960579497943,
28398,B Major,0.9199803228761846,
28599,G Major,0.5289792033286987,
28647,G Major,0.5179970088850989,
28783,D Major,0.6440410248591891,
28811,B Minor,0.7776559850788816,
28834,D Minor,0.7796153229115034,
29047,G# Major,0.8080837135375136,
28810,A Minor,0.7194219008762465,
28832,G Major,0.507318384552228,
28814,E Minor,0.7505993634415703,
28833,G Major,0.7497778679963224,
29046,F Major,0.6787715982769125,
29265,G Major,0.6588974080305618,
29267,G Major,0.4260227170452228,
28835,E Major,0.6873150907017823,
29449,C Major,0.855026392008766,
29450,F# Minor,0.4613509543043668,
29271,C Major,0.8452260476120959,
29268,D# Major,0.9046670849749486,
29447,D Major,0.7625437387348234,
29451,E Minor,0.7678335063197755,
29452,C Major,0.854609015620732,
29455,A Major,0.7114756361550282,
29454,D Minor,0.8191201308580285,
29457,F# Minor,0.7478151173803765,
29453,G Major,0.5195559883237907,
29458,G Major,0.731594817840514,
29459,F# Minor,0.8607248342514255,
29456,B Minor,0.8176667167423902,
29467,C Minor,0.5373092330431445,
29469,D Minor,0.8428988257869969,
29461,G Major,0.7368267233919408,
29470,A# Major,0.79769556136954,
29472,A Major,0.6722492714836833,
29475,B Major,0.5014486377681798,
29473,A Minor,0.7916233148661561,
29471,E Minor,0.6982720807990997,
29474,D Major,0.7024477558973814,
29478,D Minor,0.7898606713640648,
29480,D Minor,0.7132578301732238,
29477,G# Major,0.870756412845595,
29527,B Major,0.5349213665808253,
29479,D# Major,0.8561791519903009,
29476,D Major,0.7430833317357537,
29586,D# Minor,0.39719236735968694,
29532,C Major,0.7423945579404013,
29526,C Major,0.7698029545636919,
29584,D Major,0.6058271430229664,
29530,C Minor,0.676009271179772,
29529,C Major,0.8885260309602663,
29605,D# Minor,0.5975977880462929,
29528,C Major,0.8758617211245028,
29611,G Major,0.29096150596426956,
29609,A Minor,0.7020718751774921,
29626,B Minor,0.6467460021364115,
29739,G Major,0.7715162103806624,
29610,A Minor,0.7892719599491108,
29625,G# Minor,0.5501006339570035,
29627,B Major,0.7962939521022119,
29818,D# Major,0.7533956950601215,
29844,D Major,0.6579449291736306,
29943,C Minor,0.7363617641005821,
29846,D Major,0.715616731031049,
29849,B Minor,0.877490557301556,
29851,D Major,0.47287082268078307,
29819,E Major,0.7700004083687975,
30015,F Major,0.7658563112433204,
30026,A Minor,0.7994125465562749,
30023,D Minor,0.7568255904756016,
30025,A Minor,0.7005122856635643,
30027,E Major,0.7372422848771,
30039,C# Minor,0.5492788404447871,
30018,B Minor,0.8093787806839198,
30042,B Major,0.5420221580091442,
30028,D Minor,0.5160359271636944,
30033,D Minor,0.43180159971206233,
30030,A Minor,0.7966764040841396,
30035,F# Major,0.8224537982289497,
30044,F Major,0.5457057027749735,
30040,F# Minor,0.6563836884119004,
30047,C Major,0.9530922269727721,
30049,F# Minor,0.4993008164021422,
30045,E Major,0.8009285059508805,
30050,D Minor,0.21508262455744245,
30052,D# Major,0.5155670067305252,
30058,G# Major,0.4337362340232258,
30048,E Major,0.6558818267115814,
30051,E Major,0.7966424287664824,
30055,C Major,0.804948636166296,
30117,B Minor,0.7275960792590016,
30056,D Minor,0.6345162241278702,
30053,F Minor,0.7903935744639055,
30366,C Minor,0.543760302534961,
30363,E Minor,0.5973030390817756,
30149,D# Major,0.8386855104816932,
30362,C Major,0.7478819452932345,
30370,C Minor,0.764421999956532,
30148,D# Minor,0.7534472735114659,
30369,C Major,0.4128675648097858,
30518,D# Minor,0.776619725189685,
30520,D# Major,0.6256475745594671,
30519,A# Minor,0.684190963726594,
30521,G# Minor,0.6247439336514025,
30839,C# Minor,0.6324876275415556,
30838,G# Minor,0.6150240420333828,
30978,A Minor,0.35144112245794346,
30847,F Major,0.8850193747116649,
30977,A# Major,0.6439969693256389,
30840,E Major,0.9022872749955649,
30842,B Minor,0.5718165409075897,
30544,D Minor,0.7571906137802378,
30848,G Major,0.8936769809008694,
30982,D Major,0.7534038649978761,
30979,D Minor,0.9417482213326651,
30846,B Major,0.7010139008226509,
30983,G# Minor,0.5840794664239278,
30980,A# Minor,0.4522927318801237,
30981,A# Major,0.7247012977855608,
30986,G Minor,0.3918217859211107,
31126,D Minor,0.5848631051558018,
31152,C Minor,0.42501799023416487,
31160,F Minor,0.37870543814110413,
31202,C# Major,0.7067739906227969,
30984,C# Minor,0.4212803622104311,
30989,E Minor,0.710301362051277,
31201,D# Minor,0.8082240501832728,
31012,G Major,0.6348774246512207,
31218,C Minor,0.7258748300387025,
31222,B Major,0.7627040169079519,
31208,C# Major,0.6802338441783926,
31223,D Major,0.904187415402248,
31231,C Major,0.9367005782538971,
31220,G Minor,0.8533890875766407,
31221,D Minor,0.8970743844793067,
31206,E Major,0.9452685816267054,
31224,G Minor,0.6346144164197548,
31345,B Minor,0.8498200107278995,
31207,A Minor,0.7681220509680238,
31209,B Minor,0.5813291954115989,
31227,C Major,0.9303785716528954,
31257,D Major,0.55064270042668,
31346,C# Major,0.7720260842189962,
31362,G# Minor,0.9296976181256005,
31363,B Minor,0.692829699441078,
31359,B Minor,0.7170672363102613,
31358,B Major,0.7276547492224238,
31357,F# Minor,0.6447251183561923,
31367,C Minor,0.7120301283044795,
31426,A Minor,0.8169199970678472,
31365,F# Minor,0.7752254470320967,
31435,G Major,0.7346549240176758,
31428,G# Minor,0.93033029535133,
31427,B Minor,0.8949041163333645,
31438,B Minor,0.5673306983651294,
31366,E Minor,0.49165612931826436,
31437,E Minor,0.7364181958702122,
31433,G Major,0.7925869120938344,
31436,C Major,0.8743383332989105,
31441,E Major,0.7714690973708561,
31458,C Minor,0.6810639405746698,
31440,E Major,0.8709435696281714,
31439,B Major,0.9619906992926347,
31577,F# Minor,0.4546385445213949,
31446,D Major,0.9448075959258305,
31569,A Major,0.42944415514399714,
31573,A Major,0.880471664032508,
31871,G Minor,0.8083306748798484,
31991,D Minor,0.6412729328528994,
31866,G Minor,0.7429620755258592,
31578,A Major,0.9208379249280172,
31992,E Minor,0.6838259680315804,
31995,E Minor,0.8387284235691566,
31636,F# Minor,0.5208798952126504,
31994,D Minor,0.8187013195930878,
31993,C Major,0.7781083709981156,
32000,E Major,0.8699632753269148,
31629,C Major,0.7297745235494406,
31999,E Minor,0.7061502866768821,
32001,G Major,0.630922160577024,
32002,C Major,0.8313370427935916,
32006,E Major,0.9441407042706779,
32007,G Minor,0.7628374663718138,
32177,D Major,0.7841209766676948,
32005,D Minor,0.733506005034646,
32068,D Minor,0.640446825810778,
32365,B Major,0.8438737772878161,
32399,E Major,0.8628201932799442,
32575,C Major,0.85408621799754,
32012,C Minor,0.8232079679836973,
32011,A Major,0.7912744780642657,
32577,C# Minor,0.8501792152639147,
32581,D Major,0.9312267979043372,
32699,C Minor,0.6387156000899066,
32696,B Minor,0.4857979615431303,
32008,C Minor,0.7312710704602362,
32013,B Minor,0.7915336970192799,
32701,E Major,0.8581839519286395,
32611,A# Minor,0.8904438084363416,
32700,G Major,0.6938620464650328,
32703,E Minor,0.5914900103873642,
32613,F Minor,0.777909260676932,
32706,C# Minor,0.4269492749611649,
32698,D Major,0.6774837998098772,
32697,B Minor,0.6059848429258584,
32702,G# Minor,0.552507723600477,
32704,D# Major,0.781732702533701,
32705,G Major,0.6473527232742147,
32771,C Major,0.671910371082799,
32773,A Minor,0.6195799414552638,
32756,G Minor,0.6534514938292013,
32802,F# Minor,0.6221549718345711,
32749,A Minor,0.5662427038882117,
32751,F# Minor,0.7137269701140613,
32831,A Minor,0.789709963127952,
32803,F Major,0.6274193442546389,
32759,E Major,0.8650176123581631,
32844,D Major,0.42455688285094717,
32806,C Major,0.8408866801793584,
32805,E Major,0.7526135370135847,
32869,G# Minor,0.5089482096762764,
33184,G# Major,0.877484346408928,
33171,E Minor,0.6462178724465382,
33152,A Major,0.4232254633428609,
33199,G Major,0.9602793953359156,
33124,C Major,0.8131616891532432,
33235,D Major,0.9548021943094994,
32898,A Minor,0.555739868490222,
32900,G Minor,0.6455158010136095,
33234,G Minor,0.8739775310313658,
32899,A Major,0.7050817657675232,
33200,D# Major,0.46018926223725565,
33277,A Major,0.8026338671265438,
33276,G Major,0.8829087201174751,
33264,C Major,0.9415874454375741,
33279,D Major,0.8233697405824721,
33289,G# Major,0.4132003453688251,
33263,C Major,0.8360169157171982,
33300,F Minor,0.7211099776848756,
33301,A Major,0.865544820161932,
33303,A# Major,0.8452551720005602,
33306,B Major,0.8201187420149769,
33305,C Minor,0.46920564778596197,
33307,D Major,0.86040503066887,
33308,F Major,0.5688344665698365,
33309,C# Major,0.8946862232649013,
33325,C# Major,0.7644028668681115,
33454,B Minor,0.9119724903633714,
33525,D# Major,0.5792818103938168,
33449,A Major,0.7230438187297228,
33591,F Minor,0.36619007065347947,
33310,C Major,0.7307569078110508,
33312,G Minor,0.7011294121025917,
33629,E Minor,0.6338948799499315,
33985,A Major,0.7021535106470547,
33994,E Major,0.8347742112623185,
33615,F# Major,0.6274257721549064,
33850,A# Major,0.7684338886455534,
34083,C Major,0.6741207940942104,
33603,F# Minor,0.5263400694145087,
34085,F Major,0.6680056540101245,
34500,F# Major,0.549799119335549,
34082,A Minor,0.7065258379424089,
34334,D# Minor,0.7191536565252238,
34503,C Major,0.7353040720134134,
34119,A Minor,0.4716719680008539,
34442,B Major,0.609596357912225,
34501,A Major,0.730995557642806,
34976,C# Major,0.5636419363832421,
35342,F Major,0.8228856293275386,
35084,C Minor,0.6819912400666385,
35086,C Minor,0.8660903223807905,
34456,C# Minor,0.395442637496118,
35525,D Major,0.8645781095766892,
35219,D Minor,0.5552781597342248,
34978,D Minor,0.5470770021154766,
35537,F Minor,0.752343453711542,
35534,A Minor,0.7458798182603611,
35532,C# Minor,0.4957620414972494,
35549,A Minor,0.5970206379555956,
35543,E Minor,0.7236594356606336,
35552,F# Minor,0.8453107561398817,
34449,E Minor,0.479146463453991,
35544,A Minor,0.7386495257180739,
35754,A# Minor,0.7892321933797738,
35547,E Minor,0.9303062000741401,
36050,E Minor,0.8068159904652954,
35548,E Minor,0.8207708658910083,
36051,E Minor,0.5526259954024031,
35750,B Major,0.6148668596919655,
35553,B Minor,0.8350840309145623,
36053,B Minor,0.855077526127266,
36057,A# Minor,0.8463246044581054,
36052,G Minor,0.537022818286517,
36056,C Minor,0.7300949041926869,
36054,A# Minor,0.9203404861992546,
36125,E Major,0.531818524046537,
36121,D# Minor,0.5943616632006599,
36127,G Major,0.5721995170294865,
36126,E Major,0.7609280193375207,
36384,B Minor,0.6851059060663315,
36130,C Major,0.7074937689091075,
36385,E Minor,0.8019622663541197,
36131,D Minor,0.6242837004405053,
36388,G Major,0.4205973937496442,
36128,B Minor,0.2985659133928453,
36389,E Minor,0.7544178824362442,
36482,D Major,0.5513678160208213,
36393,A# Minor,0.6358748393791664,
36481,D Major,0.45897303506906745,
36483,C Major,0.7366248911104162,
36485,A Minor,0.7705428918389727,
36486,A Minor,0.7488275122037652,
36573,G Major,0.796009476590734,
36484,G Major,0.6872304598820943,
36487,G Minor,0.713353021178786,
36572,B Minor,0.40578722478595436,
36490,E Minor,0.42772222049034053,
36488,D Major,0.7807497414351839,
36580,D Major,0.7871410670805958,
36576,A# Major,0.852251790124743,
36575,A# Major,0.6957429064552508,
36747,E Minor,0.4690467268637963,
35773,G# Minor,0.4980274375088078,
36751,D Major,0.7618239637611444,
36757,G Major,0.8200974593508372,
36574,G Major,0.8373380890772312,
36577,D Minor,0.6809251300439019,
36764,C# Major,0.9732533364720973,
36762,D# Minor,0.7208274882143711,
36765,A Minor,0.7436153597845611,
36749,C Major,0.7279527572938715,
36763,F# Major,0.8475050903217152,
36738,A Minor,0.7866087028925841,
36737,G Major,0.8234348291646872,
37085,G Minor,0.49213510257548243,
36768,F# Major,0.5573378564862601,
37088,A Major,0.5456556934607506,
37087,D# Major,0.8048804435321896,
36579,E Major,0.441714437047817,
36774,C# Major,0.7216225048703298,
37096,E Minor,0.9615697378259084,
37106,B Major,0.672535646382733,
36771,C# Major,0.6801704411317763,
37110,B Minor,0.9325103330072231,
37107,B Major,0.854081835436665,
36772,F# Major,0.8340445079881014,
36773,D# Minor,0.8660654582840291,
37457,D Major,0.8291565993476876,
37138,C Major,0.4048310720295707,
37459,D Major,0.864210912440683,
37461,D Major,0.8319921104949769,
37593,C# Major,0.6313354739300654,
37368,D# Major,0.8528349628989486,
36777,D# Minor,0.7414437807876009,
37622,C Minor,0.7935254512397397,
37624,G Minor,0.859227960975379,
37625,E Major,0.8215831041505613,
37623,E Major,0.7685893352459142,
37602,C Minor,0.5446984973527108,
37628,A# Major,0.6742896056607572,
37627,F Minor,0.7963011501741082,
37626,E Minor,0.859579010429442,
37876,D Major,0.8189550830468597,
37743,D Major,0.6376953873984719,
37956,C Major,0.5315549196098643,
37711,D Minor,0.5434200912352755,
37713,D Minor,0.6497455158185083,
37983,A Major,0.7914965421039141,
37984,E Major,0.9699265055961825,
37982,E Minor,0.8078474096579946,
38506,B Major,0.6072154944236674,
38508,A Major,0.8420499771200007,
37981,A# Major,0.8613529670753591,
38511,C Major,0.6217622657979767,
38514,G Major,0.9250172113810932,
38510,G# Major,0.7077366808112018,
37985,C Major,0.8231387340434244,
38548,A Major,0.8377208507936893,
38958,D# Major,0.6097700335321069,
38555,A Minor,0.29818003050088626,
38515,D# Minor,0.7350252313381282,
38790,G Minor,0.5181842440317711,
38978,A Minor,0.3255184666733285,
38971,E Minor,0.583736921847262,
38974,E Major,0.6480186791302696,
38979,A Minor,0.4735203722008001,
38970,C Minor,0.4163125034764212,
38983,C Major,0.7057913197234328,
39342,A# Major,0.860015024406112,
39332,G Major,0.7070966192829481,
38981,A Minor,0.48542358166727817,
39525,C Major,0.9706895259872114,
39393,C# Minor,0.5655088750053122,
39290,D# Minor,0.5020973013394165,
39330,A Minor,0.5238098324890341,
39514,B Major,0.8116958327355132,
39528,C Major,0.39292632530939414,
39526,F Minor,0.48288098415640707,
39357,A Minor,0.47779977818202096,
39527,G# Major,0.7223755158669996,
39529,G Major,0.6210015190920655,
39361,G# Major,0.7699942067116756,
39570,A Minor,0.7955002795777997,
39573,A Major,0.5208230071923489,
39539,D Minor,0.30747080439327584,
39541,D# Minor,0.42421836078200015,
39574,A Minor,0.7370352091725814,
39575,F Major,0.5979003930970834,
39569,G Major,0.5178161100795897,
39549,C# Minor,0.6502215324403456,
39580,A# Minor,0.6211978121311662,
39542,D Major,0.6139244634515301,
39581,D# Minor,0.6750665445313287,
39587,G Minor,0.7781348007301224,
40234,E Major,0.5194869700074507,
39588,F# Minor,0.8425368720815979,
39586,B Minor,0.35873018393351613,
39932,B Minor,0.4404460590144001,
39811,D# Minor,0.5790162935762491,
40238,G# Minor,0.4719857129450193,
39930,G Minor,0.46846685411396,
39583,C Minor,0.8154713413637767,
39950,A Minor,0.8786567894978436,
40240,G Minor,0.7452299755373919,
40239,E Minor,0.6858052846053153,
40244,D Minor,0.5060292374116245,
40242,E Major,0.7540369278452487,
40243,E Minor,0.7892195434457367,
40266,G Minor,0.4611271488687566,
40321,A Minor,0.8624520345834268,
40245,C Major,0.8107218092545263,
40265,A# Minor,0.9195474356327469,
40369,F Minor,0.25836930471379144,
40373,F Minor,0.7796029601551572,
40487,G# Minor,0.6503863869197479,
40497,B Minor,0.9271203095751356,
40492,A Major,0.8560472181568267,
40491,A Major,0.8215059336139877,
40553,C Major,0.7979123958098294,
40496,G# Minor,0.6930112532578779,
40495,C Major,0.8160817123454763,
40370,D# Major,0.46018926223725565,
40488,E Minor,0.6147787930002909,
40556,A Major,0.7892543631739918,
40557,B Minor,0.7241034829303081,
40569,A Minor,0.8712011483544483,
40619,C Major,0.8251619732469665,
40621,C Minor,0.5468852686308864,
40708,F# Minor,0.7390161688898985,
40709,E Minor,0.8096374911918559,
40707,C Major,0.8810896316162838,
40710,D Minor,0.8375642335582759,
40618,F Minor,0.7279580606859525,
40711,A# Major,0.7082681068540155,
40623,C Minor,0.6394331657172072,
40764,D# Major,0.5970970924823582,
40716,G Major,0.7598895783575086,
40769,G Minor,0.40161312212708744,
40719,G Major,0.811530447204297,
40714,G Major,0.7738265279607093,
40773,A# Major,0.8705851839181699,
40771,F Minor,0.806057107074851,
40777,C Minor,0.6358733252924696,
40814,D# Minor,0.24560968407543549,
40842,G Minor,0.6387940010850804,
40848,C Major,0.8734653202997074,
40951,A Major,0.9020371605641021,
40843,C# Minor,0.7709718106546011,
40841,D# Major,0.46018926223725565,
40984,A Minor,0.6876438775846282,
40989,C# Minor,0.631606017423928,
40985,D# Major,0.8127832845539713,
41010,G# Minor,0.8329227583521863,
40849,C Major,0.7975817702846536,
41095,E Major,0.7968091159301708,
41104,G Minor,0.6079841469554829,
41124,F Minor,0.7375834221564636,
41122,A Major,0.7480737282741071,
41284,F# Major,0.46085812306840834,
41101,D Major,0.5324748563566685,
41125,C# Major,0.7210800429778488,
41299,G Minor,0.6088919675032292,
41302,F# Minor,0.7254398323966454,
40963,D Major,0.8124604877375619,
41192,F# Major,0.73337799078151,
41487,D Major,0.9514490965620575,
41516,G Major,0.7961835687880054,
41515,D# Minor,0.8984236404045165,
41486,E Major,0.9349769068066421,
41520,E Minor,0.8002389941371292,
41489,C Major,0.7321089089090395,
41517,E Major,0.7580008232894642,
41191,A# Minor,0.8253012058369352,
41599,D Minor,0.915292948929769,
41569,G Major,0.7961835687880054,
41601,E Minor,0.7444865721336316,
41519,C Major,0.8371859448970334,
41598,C Major,0.6738390988987395,
41550,F Major,0.8480248578135122,
41602,C Major,0.8712100043080138,
41554,D Minor,0.6472612038800573,
41971,A Minor,0.7032874010959023,
41600,D Minor,0.7653783845420812,
41758,G Major,0.7328018818286475,
41980,D Minor,0.4583681232450694,
41981,G Major,0.7510526914546588,
41976,E Major,0.7243268842475198,
41982,A Minor,0.2662034239537741,
41975,E Minor,0.7903263260848071,
41974,E Minor,0.8270558189354511,
41988,G Major,0.720764333977582,
42040,G# Minor,0.5644077569668938,
42057,F# Major,0.7499798413296244,
42059,F# Major,0.9475579764914444,
42044,A Major,0.7658614258576175,
42047,D Major,0.862379972479836,
42055,C Minor,0.5301379190280949,
42058,A Minor,0.841972175653646,
42056,C Major,0.7344392931410627,
42060,E Minor,0.82462838023735,
42065,A Minor,0.8716060697126176,
42062,G# Minor,0.8711942378447433,
42064,G# Minor,0.903605710163118,
42348,A Major,0.7090227449363838,
42350,G Major,0.47291240651433614,
42434,A Minor,0.7302016549583304,
42349,D Major,0.7003807026102769,
42657,F# Minor,0.7003881783802615,
42432,B Minor,0.7222501543849754,
42351,C Major,0.7865070505330775,
42312,B Minor,0.8528542487757172,
42742,F Minor,0.6523633427028436,
42740,F Major,0.6477424511442382,
42747,F Minor,0.87460706999167,
42744,D Major,0.6458861219447035,
42745,G Major,0.6404480478502174,
42748,D Minor,0.6000855274581639,
42757,A Major,0.6937095940541679,
42806,G# Minor,0.6446889126603479,
42756,D Major,0.9037631595006416,
42803,A Major,0.47869377805438573,
42750,F Major,0.856220575948028,
42834,D Major,0.6985792626549719,
42836,E Major,0.6951428444752674,
43153,C Minor,0.46432919450600696,
42835,E Major,0.7871878831164635,
42837,E Minor,0.634562928340253,
42749,A Minor,0.7587102141174052,
43304,A Minor,0.5282018673491198,
43408,D# Major,0.8737269034189511,
43325,D# Major,0.9410235074305239,
43407,D# Minor,0.784355096012437,
43493,A Major,0.7459355775046246,
43497,G Minor,0.603244670114006,
43411,G# Major,0.699410264387522,
43402,G# Major,0.5724135979259438,
43499,C Minor,0.6568063444748535,
43502,D Minor,0.5110767003639125,
44102,G Major,0.46041346318597315,
44099,E Major,0.7991351881399142,
44101,G Major,0.7148400318835504,
43323,G Minor,0.6007442527855018,
44105,C Major,0.8532775752414333,
44100,D Major,0.7357244165154031,
44103,F# Minor,0.4823487592526881,
44108,D Major,0.8141149479752947,
44126,C# Minor,0.7835125594471783,
44106,A Major,0.5112717005175957,
44109,C# Minor,0.7391515983409952,
44107,F# Minor,0.5602448159562844,
44207,D Minor,0.6176997617109388,
44195,E Minor,0.48087803517044636,
44277,A Major,0.5146293596295086,
44196,D Minor,0.6790456810559989,
44197,G# Major,0.47993819418317296,
44278,A# Major,0.5752210233540083,
44282,B Minor,0.45872896462255724,
44279,A# Minor,0.7323995700431051,
44286,C# Minor,0.733799591052111,
44799,G# Minor,0.2954938105987642,
44285,C Minor,0.4721462545673646,
44401,B Major,0.7624942251852441,
44801,F# Minor,0.6961337816950207,
44198,E Major,0.5973237614561305,
44423,C Minor,0.8490471175484975,
44886,C# Major,0.7367288580722425,
44821,C# Minor,0.5638290841324508,
44822,C# Minor,0.5920358888211986,
44823,C# Minor,0.5486155432541063,
44954,A Major,0.7623920107953425,
44283,G# Major,0.5751165329685154,
45012,G Major,0.8254162539694287,
42758,C Major,0.7342271799956133,
45099,E Minor,0.5089656058210223,
45100,D Minor,0.2892631167426394,
45103,F# Major,0.4357598677715961,
45275,B Major,0.7230589891634106,
45101,A Minor,0.5316843266244299,
45060,G Major,0.756775023159125,
45141,G Minor,0.8487010644992907,
44896,C# Major,0.5091797544393791,
45166,A Major,0.8944056497566765,
45332,G Major,0.9142664748037543,
45334,D Major,0.7741915395789488,
45320,F Major,0.8385273956261008,
45518,D Major,0.881597364270133,
45513,D Major,0.7483455908379018,
45331,G Major,0.6920455988658578,
45515,B Minor,0.9082012729410167,
45514,E Major,0.841557281393273,
45520,G Major,0.8710005717221257,
45517,C Major,0.7688349819941384,
45519,E Major,0.6582297912661369,
45523,C Major,0.9587274414626237,
45521,D Major,0.8656881546427415,
45563,F# Major,0.702713260193107,
45565,A Major,0.6063751503440644,
45566,C Major,0.43225565270304284,
45562,E Major,0.8019435757204124,
45522,A Major,0.7442717967482501,
45568,G# Minor,0.7443424993149829,
46070,C Minor,0.8924769583514804,
45567,E Minor,0.5731815966165762,
46088,D Minor,0.6060110804141847,
46334,A Major,0.6448108819566346,
46339,E Major,0.7072987073036252,
46146,E Major,0.6408709893027512,
46129,A Major,0.7604395210201913,
46126,E Major,0.7974904679029496,
46091,A Major,0.6634956886375849,
46365,A Minor,0.5145038317593833,
46362,B Major,0.7103793604449383,
46548,D Major,0.7622994998064712,
46508,A# Minor,0.7750722218167068,
46546,D Major,0.7900109378334074,
46547,D Major,0.8197069652945176,
46514,D Minor,0.2892631167426394,
46552,G Major,0.5600514373137527,
46549,E Major,0.8295364678781433,
46550,F Major,0.918357587558109,
46728,C Minor,0.6414260239220125,
46553,B Major,0.8487620179055029,
46551,C Major,0.8681846945165718,
46729,F Major,0.6581861475144035,
46735,D Minor,0.9121398813325268,
46757,C Major,0.7932859229675623,
46786,D Major,0.8896714353001316,
46736,B Minor,0.8034261896495569,
46787,E Major,0.8546268374266633,
46737,A Major,0.8927180811128612,
46785,C Major,0.6974262845785535,
46738,C Minor,0.7682521768313705,
46788,A Major,0.6130354766289099,
46841,C Major,0.6145423136110019,
46793,A Major,0.6912027464020574,
46789,G# Major,0.709300064406463,
46790,F# Major,0.8566014008534758,
46839,F Major,0.5722308359045727,
46791,C Major,0.8306364041901635,
46842,F# Minor,0.45466836699360363,
46843,E Major,0.9151554589404288,
46796,G Major,0.9541523027043652,
46844,A Major,0.6467396793001727,
46853,F Major,0.8086707686639061,
46847,E Minor,0.6775986608386957,
46852,E Minor,0.6736631356644261,
46850,F# Minor,0.8193159891984636,
46845,G Minor,0.6519567001756608,
46848,E Major,0.7484612993166214,
46854,A Minor,0.7264129055909215,
47023,A Minor,0.9229043733116872,
46856,C Major,0.7468130080619835,
47043,F Minor,0.7997691784795258,
46855,F Minor,0.6803082263948015,
47042,A Minor,0.8903628384169764,
47044,E Minor,0.6723313213990889,
47068,C Minor,0.7973738215494196,
47041,G Major,0.8257961848782958,
47070,F Major,0.814980284040998,
47069,G# Minor,0.7338838812983038,
47073,D Minor,0.9272333482655941,
47071,A# Major,0.8310252175173507,
47072,D Minor,0.9460573872608985,
47075,C Minor,0.8334482772844672,
47035,G Major,0.9093636637241871,
47076,D Minor,0.8849419011166612,
47077,A# Major,0.8637180961422805,
47238,D Major,0.8635069654112673,
47243,E Major,0.8186056454170832,
47237,E Major,0.8538768538277172,
47365,B Minor,0.7572673166428695,
47343,C Major,0.8293555909155037,
47347,G Minor,0.7575565563570612,
47240,D Major,0.8998037021681929,
47242,G Major,0.5956892949577745,
47366,G Major,0.9288629091622311,
47368,C Major,0.8845155607335446,
47245,F Minor,0.7703993535991731,
47475,D Major,0.8853875956609222,
47454,E Minor,0.8371037747354867,
47477,G Minor,0.7866443336044097,
47371,D# Major,0.7948628888082373,
47478,A Major,0.8101019017351185,
47464,A# Minor,0.6443110446457728,
47479,B Minor,0.641616782605869,
47480,G Major,0.9180720234408246,
47481,E Major,0.8381803000552275,
47369,F# Minor,0.8403244124686081,
47515,E Minor,0.8725736009167343,
47604,D Major,0.6434316950399196,
47612,F Major,0.5914485279883553,
47609,D# Minor,0.6659904894167602,
47482,E Minor,0.7984962769088404,
47661,A Minor,0.6017962616160436,
47483,A Minor,0.8369114417474435,
47662,A Major,0.905082717751709,
47739,A Major,0.8614037461900753,
47559,B Major,0.8782724562160299,
47742,A Minor,0.8133077966549911,
47740,A Minor,0.797859255885632,
47771,G Major,0.8841633041254263,
47562,F Minor,0.7775566924321493,
47915,D Minor,0.6983236118204839,
47676,D Major,0.8502465377392766,
47767,C# Major,0.5725609829069753,
47894,F Major,0.8244924031715981,
47860,B Major,0.9154227449284483,
47916,C Minor,0.8924769583514804,
47917,A Minor,0.7047163058405685,
47919,A# Major,0.7937781861547202,
47923,F Major,0.8079752614697698,
47921,G Minor,0.5544442995275096,
47920,A Major,0.79659208092886,
47955,D Minor,0.7604059004669947,
47924,C Major,0.8908750357920138,
47922,E Minor,0.7011355569392665,
48055,E Major,0.8968406386518242,
48006,D# Major,0.6693529956520404,
48003,C Major,0.8859636591524563,
48056,F Major,0.859585027608057,
48058,G Major,0.8522034058566746,
48057,C Minor,0.6756547473480191,
48002,E Major,0.8243640686005774,
48060,E Major,0.9122264625466507,
48062,G Major,0.8344178892980819,
48059,F Major,0.8842265658370436,
48139,F# Minor,0.8572051435770738,
48063,C Major,0.882961619617606,
48142,C Major,0.9315421439325781,
48144,D Major,0.7183977800682034,
48141,G Major,0.7362052379658323,
48140,G Major,0.7065873305027471,
48119,G Minor,0.7788129637139154,
48143,A Major,0.8077168296906087,
48123,C Minor,0.8054535118425115,
48146,G Major,0.8363106105928441,
48145,C Major,0.8990066393291991,
48147,D# Major,0.80387871089547,
48125,D# Minor,0.7043085815668709,
48149,G Major,0.8673295951129227,
48182,G# Minor,0.584013884857734,
48180,G Minor,0.7902927965168004,
48178,E Minor,0.4852377483221508,
48176,A Major,0.7135976118042562,
48148,A Major,0.5570595819434165,
48177,E Major,0.7837661243330611,
48173,F Major,0.37438084920844356,
48187,C Major,0.3868239819394725,
48175,G Major,0.7439169666550546,
48189,D Minor,0.40876180735214884,
48184,E Minor,0.5397127832265696,
48194,A Minor,0.7838723387562091,
48186,C Minor,0.7424901848431625,
48185,C Minor,0.6473834838445952,
48195,F# Minor,0.7124741967362619,
48183,G Major,0.6618267635323547,
48198,G Major,0.3884174677325834,
48199,C Major,0.7684668583664762,
48188,A# Minor,0.44429113697691197,
48203,G Minor,0.431582072186189,
48223,A Minor,0.7381093375830236,
48206,D# Major,0.5286179001411535,
48204,G# Minor,0.35312142950790626,
48241,C Major,0.8561347107016628,
48202,G Minor,0.6791886521663298,
48216,G# Minor,0.4728190936862207,
48242,A# Minor,0.7526049986906121,
48243,G Major,0.4994028203272729,
48244,E Major,0.7974746271044665,
48245,E Minor,0.5154341298611799,
48247,D Major,0.672355221665548,
48205,G Minor,0.6000570796570088,
48248,G Major,0.6287333953596308,
48293,C Major,0.7374582527462502,
48249,G Minor,0.8612402807031133,
48290,D Minor,0.30708435654052485,
48294,G Minor,0.8953002684266919,
48291,G Major,0.622567828438299,
48619,G Major,0.6753219423977542,
48297,A# Major,0.7061445112434017,
48615,A Major,0.7543624716614528,
48621,B Major,0.894283849521233,
48789,G# Minor,0.6883597653040371,
48612,A Major,0.7022883238618302,
48969,C Major,0.774976630132171,
48616,E Major,0.7910809177607175,
48618,G Minor,0.8014322689551077,
49093,E Minor,0.6420249072073227,
48620,D Minor,0.8751268706492926,
49088,E Minor,0.6177756599817497,
48957,A Major,0.4574285113931635,
48622,B Major,0.9291205628112039,
48961,D Major,0.8413226396220723,
49097,D Minor,0.8523690428681648,
49098,D Minor,0.8221756522067654,
49637,D Minor,0.5721250136978284,
49430,G Major,0.8399462662271256,
49132,D Minor,0.7468352808535728,
49090,G Minor,0.7594479413401573,
49639,A Major,0.8337938228476344,
49641,A Minor,0.5998046869290666,
49638,A# Minor,0.8088528999582318,
49642,E Minor,0.616623398826841,
49640,E Minor,0.6255638196501093,
49643,E Minor,0.9422551375931772,
49296,D Minor,0.5506126426003689,
49830,E Minor,0.6910391673082728,
49836,D Major,0.7037074869304816,
49438,C Major,0.7999311583688771,
49831,G Major,0.8299741237190771,
49832,C Major,0.7355712314194376,
49833,A Major,0.677878979729056,
49838,C Major,0.892324682997867,
49837,A# Major,0.7603307847352977,
50049,G Major,0.7346809932388022,
49842,A Minor,0.8555050871148446,
49847,B Major,0.8068789415415574,
49849,A Major,0.8934642279599216,
49848,D# Major,0.9053465432068264,
50054,E Minor,0.8628034175833648,
50051,B Minor,0.6233650014792343,
50092,B Minor,0.8678696866368195,
50048,E Minor,0.9353507490689477,
50053,D Minor,0.7575521305577385,
50055,B Minor,0.8303739961180346,
50099,E Major,0.7276252346318993,
50298,B Major,0.7487700700342315,
50267,D Minor,0.6759831075296509,
50282,D Minor,0.33169945639404924,
50061,C# Minor,0.835451387682982,
50272,E Minor,0.8220261802915435,
50096,F# Minor,0.8529958196897675,
50370,G Minor,0.5971585150460573,
50424,D Minor,0.8239997629609876,
50451,D Major,0.6970493566085452,
50450,C Major,0.7383523307532863,
50453,G# Minor,0.49656976934342645,
50455,E Minor,0.8438877125707256,
50423,C Major,0.7888668282896267,
50539,A Minor,0.7402117145754542,
50457,B Major,0.6607762371560497,
50419,G Major,0.8561987749428293,
50454,A# Major,0.2661637787596865,
50456,C# Minor,0.741037450971947,
50595,D Minor,0.8188077956201605,
50464,G Major,0.8644933098943326,
50723,C Major,0.7396023912109588,
50623,B Minor,0.8893726735541223,
50619,D Major,0.8839700110215399,
50544,D Major,0.8231124800931409,
50725,D Major,0.8470543192236668,
50727,A# Major,0.87671442453213,
50724,A Minor,0.5669305443719617,
50729,A Major,0.8806306925934174,
50726,D# Major,0.9059682304882994,
50728,G Major,0.8172936185150581,
50730,D Minor,0.7138673972675376,
50731,B Minor,0.7310262866608269,
50742,A Major,0.7652507361786357,
50860,B Major,0.42051480005233455,
50862,F Major,0.4888562844640186,
50743,D Major,0.9284122036485286,
50863,C Minor,0.4110210156571897,
50740,F Major,0.8203778855175645,
50732,D Major,0.900138501580948,
50864,E Minor,0.5543378027725386,
50741,C Major,0.8249532365145249,
50865,G Minor,0.4124353768641473,
50882,G Major,0.5757583781569436,
50835,A# Major,0.7022203132718988,
50910,C Major,0.7771508154904515,
50868,D# Minor,0.25243998830726355,
50905,C Minor,0.831804656285252,
50891,A Minor,0.7261039192959599,
50914,C Major,0.8706243220002686,
50869,B Major,0.9228831680831646,
50911,A Major,0.8195122282131094,
50913,C Minor,0.8610309876779443,
50912,C Major,0.8919593628804774,
50927,A Major,0.660460725130019,
50936,C Major,0.8974002526502258,
50928,C Major,0.8017767907760763,
50892,A Minor,0.7406161540429316,
50944,G Major,0.7416834950742434,
50952,D Major,0.7263928328167736,
50940,C Minor,0.716125384109544,
50959,D Minor,0.6908407353616328,
50939,C Major,0.8702635384624426,
50946,D Major,0.7342305629900404,
50954,G Minor,0.7773369092107564,
50972,D Minor,0.6336403058432868,
50990,D Minor,0.6336403058432868,
51000,C Minor,0.8238385236195962,
50957,C Major,0.8622798953433967,
51001,C Major,0.8069438102247524,
50973,E Minor,0.5642607569873996,
51008,A Major,0.8352230358854693,
50991,E Minor,0.5642607569873996,
50955,C Major,0.8734973679144908,
51038,F Minor,0.7211208544830214,
51118,D# Major,0.5111999539611115,
51007,G Major,0.5280498257970635,
50998,D# Minor,0.7964970674244534,
51129,F# Major,0.7565402190469462,
51153,A Minor,0.8041401004349876,
51127,D Minor,0.6995198475445187,
51195,F Major,0.4762890775863062,
51228,F Major,0.6647076353253458,
51230,A Minor,0.7354847071601447,
51169,G Minor,0.5886270075066584,
51168,A# Major,0.6164035039589334,
51229,A Minor,0.3694525363924808,
51231,C Major,0.7509400951239459,
51313,A Minor,0.677685671368947,
51238,E Minor,0.8420282941683824,
51317,D Major,0.8552026392182026,
51239,D Minor,0.38507691766818986,
51235,A Minor,0.7061864313336981,
51263,F# Minor,0.7430974800564013,
51271,E Major,0.8987028258034814,
51241,E Minor,0.5800685472714997,
51358,G Major,0.7825942711552841,
51357,G Major,0.7334681300752928,
51359,G Major,0.6750235301896224,
51360,C# Major,0.7651918262014694,
51332,C Major,0.7956830529068897,
51333,B Minor,0.9005801924703746,
51423,F# Major,0.7134579484623083,
51419,A Major,0.7452194045817837,
51389,F Major,0.45625698456911884,
51424,F# Minor,0.5718338112866759,
51418,B Minor,0.6849268190808554,
51426,D# Minor,0.31880045993428596,
51420,C Major,0.6510769858223663,
51425,A Minor,0.7520791049862325,
51427,G Major,0.7933894225021187,
51428,C# Minor,0.6148813590107215,
51429,E Minor,0.7508966481186675,
51421,F Major,0.7607495603017715,
51614,A# Minor,0.467626028372473,
51430,A Major,0.7119638940943707,
51618,A Minor,0.49713626670048394,
51615,A Minor,0.6424223771317636,
51617,E Minor,0.5924909772893662,
51616,E Minor,0.43991019965302197,
51622,E Minor,0.7001592237691434,
51628,D Minor,0.7968731823731359,
51625,B Minor,0.7188651255595195,
51623,F Minor,0.8482628322090744,
51629,C Major,0.9721267223891641,
51632,A# Major,0.6193976143179512,
51635,G Minor,0.43215070279733225,
51715,C# Major,0.7709163050478021,
51734,F# Minor,0.6100242806605439,
51732,G# Major,0.4076181435811325,
51631,B Major,0.5650867499812499,
51755,E Minor,0.974472556675651,
51776,D Major,0.8719327824000314,
51710,E Minor,0.5988428100895127,
51779,C Major,0.7349919429751445,
51775,E Minor,0.5397847513825503,
51785,C Major,0.703211410978631,
51921,E Minor,0.7288142000742184,
52034,F Major,0.7905923471908479,
51783,G Minor,0.48221703602480875,
52040,F Major,0.7019419051358822,
52036,C Major,0.5585824246949946,
51774,E Minor,0.8782059051002549,
51778,D# Minor,0.8705132943739093,
52043,F Major,0.7015321679721795,
52052,D Major,0.7831462475820944,
52045,F Major,0.8515904223980358,
52225,A Minor,0.637739874381965,
52250,G Minor,0.8075303685374376,
52059,F# Minor,0.790821695986627,
52255,D Major,0.657204129406305,
52227,F Major,0.49545242117494476,
52251,D Minor,0.5637041357962365,
52257,G Major,0.41726841230111966,
52229,G Major,0.7525515313220271,
52261,G Major,0.7979627572129384,
52259,C Major,0.852825936710162,
52275,E Major,0.7110072690140355,
52276,C Major,0.885940090831591,
52520,F Major,0.8652259077146588,
52524,D Major,0.5481419847670217,
52508,B Major,0.9386187331573435,
52404,E Minor,0.7542293011774415,
52521,A Major,0.9140786915398311,
52361,B Minor,0.8304777602214909,
52522,B Major,0.6830121844293923,
52277,D# Minor,0.5577377676647074,
52526,D Major,0.6070780636501941,
52568,E Minor,0.6018642669199993,
52525,D Major,0.7546861796259805,
52857,D# Major,0.682994670694838,
52855,D# Major,0.6980210077284923,
52853,F# Major,0.9148793258958967,
52928,B Minor,0.7796519035698433,
52929,E Minor,0.7468772102839598,
52962,A Major,0.8046948420779342,
52931,A Minor,0.8711281884751635,
52969,D Major,0.7705239174374603,
53247,D Major,0.732246165006019,
53637,C Major,0.7898539455741017,
53248,G Major,0.7163132888541788,
53636,C Major,0.7826452975090239,
53249,A Major,0.7124363089790747,
53250,F# Minor,0.7460101143621221,
53638,E Minor,0.7176542016100662,
53251,E Minor,0.8930517891165217,
53735,F# Major,0.724233025256387,
53646,F Minor,0.6635319407154241,
53642,D Major,0.8489640192983565,
53639,A Major,0.7029399325391896,
53643,A# Major,0.8187289148128735,
53743,C Major,0.8868761445625981,
53736,E Major,0.8587133856374762,
53800,G Major,0.928489541950947,
53742,D Major,0.7598597591815492,
53744,G Major,0.6829217054988207,
53808,D# Major,0.9056144654784216,
53810,G Major,0.9550873941264773,
53803,C# Major,0.8323745182051276,
53805,F Major,0.8856440360337855,
53798,A Major,0.8242592329401164,
53807,E Minor,0.6791932536994438,
53812,A# Minor,0.6745744495480793,
53811,D# Major,0.8054787294324267,
53813,C Major,0.9655971301554447,
53816,D Major,0.9552482344425304,
53814,D Minor,0.7648475548858926,
53796,A# Minor,0.8635391368343488,
53815,E Minor,0.8125585160889486,
53818,D# Major,0.910541416887722,
53819,F Minor,0.7714999704935073,
53817,G# Major,0.8575610939267464,
53799,E Major,0.7407895259151314,
53801,C Major,0.8869174839161784,
53821,G# Minor,0.6059036152697976,
53820,C Major,0.9251120903130199,
53827,D Major,0.7427184886589699,
53826,G# Major,0.8312263286644274,
53825,F# Major,0.884361711850753,
53824,A# Major,0.9238064612745366,
53823,F Major,0.9595978097246146,
53828,D Minor,0.8786530466295688,
53829,D Major,0.7602114530288021,
53830,A Major,0.9140632988494377,
53852,D# Major,0.815692584032001,
53896,G Major,0.7808507015976182,
53859,G Minor,0.48221703602480875,
54047,C# Minor,0.6283482937058703,
53863,D Minor,0.8411599814495487,
54054,B Major,0.749468893829369,
54082,E Minor,0.5754309644312536,
54167,E Minor,0.7523958998574035,
54168,C Major,0.8504470442914732,
54172,C# Major,0.6576780152037643,
54166,E Major,0.8242041550304718,
54169,G Major,0.9480973079554914,
53846,A Major,0.9292919189414695,
54206,C Major,0.8104028416232416,
54171,E Major,0.8500217442839489,
54173,E Major,0.8598614173602922,
54225,C Major,0.871824567719962,
54226,C Major,0.8527483830037629,
54213,G# Major,0.5733990022798426,
54227,C Major,0.8510079343013403,
54228,C Major,0.9699319644288421,
54215,A Minor,0.8838022900779927,
54231,C Major,0.763468520615673,
54229,C Major,0.8015391042353652,
54212,G Minor,0.7055585843890917,
54208,C Minor,0.7410569017055245,
54230,C Major,0.884926178698269,
54232,C Major,0.7210665887974987,
53845,G Major,0.8488156161557215,
54298,E Minor,0.6151162823460201,
54236,G Major,0.8598953543035583,
54594,C Major,0.8065642137211737,
54622,D# Major,0.40539649153662327,
54684,C Major,0.7870144745703513,
54682,E Major,0.5774942581654997,
54623,D# Major,0.5233433061018231,
54685,G Major,0.47393686363248805,
54683,D Major,0.9040057552623663,
54686,G Major,0.9194382969821002,
54688,D Major,0.8566237180165104,
54687,E Minor,0.6931952809327084,
54690,D# Major,0.8323252844434142,
54689,D Major,0.8622109736453119,
54692,D Major,0.6046040173809539,
54697,E Major,0.5707492508786367,
54696,G Major,0.5659533562532935,
54691,E Major,0.8904430777779583,
54695,C Major,0.8653593337445173,
54693,E Major,0.8597542206766424,
54694,E Minor,0.6989886930660486,
54698,G Major,0.8322208929098209,
54699,G# Major,0.8775612051176447,
54703,E Major,0.8504032288521591,
54701,B Minor,0.6460191235038986,
54907,A Major,0.782990908102533,
54908,F# Major,0.6391828947050073,
54735,B Major,0.7415233192213011,
54911,A Major,0.8374092849298255,
54909,E Major,0.9019993858443276,
54910,E Major,0.6979886870045933,
54715,C Minor,0.6660228164184226,
54912,D Major,0.7734901029796564,
54830,A Minor,0.7107254251909859,
54913,G Major,0.9381773358494786,
55285,B Minor,0.7753550779847543,
55121,F Major,0.79077912342118,
55248,C Major,0.7604113134154729,
55249,D Major,0.8921383613905581,
55111,G Major,0.7297573566939431,
55237,F Minor,0.8490942550762411,
55288,D Major,0.7720061674031455,
55286,B Minor,0.6639815009179884,
55247,A Minor,0.8989931287915867,
55290,A Minor,0.798497771093211,
55292,G Major,0.8940122388443926,
55289,E Minor,0.5623453393222806,
55332,A Minor,0.7534293775303039,
55405,A# Minor,0.44832613264773974,
55370,D# Major,0.6941089310169379,
55295,C Major,0.8946053593738753,
55334,C Major,0.8524297490720982,
55346,B Minor,0.8350843152221673,
55336,E Minor,0.7876847062535748,
55406,A Major,0.6497272016904643,
55409,A Minor,0.8787164983801455,
55411,C Major,0.7171811665306158,
55407,C Major,0.706626486178417,
55412,F Major,0.867364147759502,
55451,C# Minor,0.8468342971403108,
55452,C# Major,0.8940097431024309,
55550,G# Minor,0.6231513298894258,
55554,D# Minor,0.8790789608388553,
55710,C Major,0.8453177586384998,
55488,F# Minor,0.4740775779767388,
55711,D Minor,0.7644458035982064,
55712,D Minor,0.6037148961706801,
55714,A Minor,0.7520925645151229,
55558,G Minor,0.47940817007492964,
55713,D Minor,0.7764899564880362,
55715,A Minor,0.8944483241265094,
55716,B Minor,0.9398809036512771,
55719,E Minor,0.7693960869403724,
55717,G# Minor,0.6518490517420885,
56143,A Major,0.7832791204575548,
56186,A Minor,0.6701197601545947,
55899,A# Major,0.43104976755005575,
56480,F# Minor,0.5426451486508844,
56189,D Minor,0.6329076073602409,
56187,A Minor,0.8126325978621242,
55718,G Major,0.8100512265047791,
56506,E Minor,0.6444378217072202,
56500,G# Major,0.3814523970186396,
56502,D Major,0.480389621388498,
56249,C Minor,0.7177586408645673,
56504,C Minor,0.5025540075809745,
56510,C# Minor,0.5433773274900642,
56505,G Minor,0.4479566570921864,
56508,B Minor,0.4719108583907257,
56512,E Minor,0.4303441924080004,
56517,A Minor,0.7149591102039791,
56511,A# Minor,0.6392952243944496,
56516,A Major,0.5846398057147101,
56513,D# Major,0.45266411194870204,
56518,D Major,0.7175459670034314,
56514,A Minor,0.5359882065019272,
56520,E Minor,0.8594212265720282,
56515,F# Minor,0.3364603161490224,
56525,G Major,0.4653391069182014,
56521,A Major,0.5980039165198348,
56527,C Major,0.6554233549161814,
56601,C Major,0.3668738134840884,
56605,A# Minor,0.47020427915965474,
56603,A Minor,0.3814049626289186,
56713,D Major,0.6509937013578759,
56714,G Major,0.8716086872592346,
56712,E Minor,0.6285199468178343,
56606,D# Minor,0.584283582676737,
56526,A Minor,0.7964681816969617,
56528,B Minor,0.8705190442246031,
56798,F Major,0.9755828449092405,
56801,A Major,0.7655670232532548,
56803,C# Minor,0.9275464100091874,
56804,D Minor,0.8528587543410525,
56795,B Minor,0.9091114413794825,
56799,D Minor,0.9055430376180827,
56805,G Major,0.9260493305737002,
56825,C Minor,0.7772932763340488,
56903,D Minor,0.7316674291189167,
56904,G# Minor,0.5977568337862401,
56901,G Major,0.540956512400094,
56895,A Minor,0.8337104049507791,
56908,E Minor,0.37897883498741775,
56905,G Major,0.569017039140773,
56958,C Major,0.7630714305643777,
56912,C Major,0.724474282238001,
56929,D Minor,0.31069576468925725,
57003,B Minor,0.8565837912796994,
56836,D Minor,0.8864820507007505,
57009,G Minor,0.7653220490085264,
57007,E Minor,0.6533803198020774,
57005,B Minor,0.8665910053464916,
57004,C# Major,0.6289046796411105,
57012,D Major,0.7632452942167574,
57010,D# Major,0.7923505746297689,
57049,C Major,0.7534530583991146,
57038,D Major,0.6875292607241125,
57050,G Major,0.8855802974425361,
57043,F# Major,0.864527080789217,
57164,B Major,0.8461065478188265,
57054,G Major,0.8262844508200771,
57166,C Major,0.7795851788585377,
57071,A Minor,0.8557139225143996,
57053,B Minor,0.49893153581474775,
57175,E Major,0.8426578081977195,
57176,B Minor,0.5776241252314818,
57234,F Minor,0.8446102801657651,
57047,G Major,0.8250399233565748,
57263,D Major,0.8416363376547252,
57235,D Major,0.5824246624954369,
57262,A Minor,0.7571292580282873,
57265,A Major,0.8717340803967465,
57261,A Minor,0.7883188557356589,
57241,A Minor,0.8944061989918105,
57267,D Major,0.6258117445059878,
57300,G# Minor,0.7934612419392474,
57303,F# Major,0.9288208591144463,
57387,D# Minor,0.7798102359795552,
57400,C Major,0.8886842411968343,
57374,A Major,0.7280679801556271,
57663,F# Major,0.7548819437351643,
57632,A Minor,0.7016148140015778,
57636,A Major,0.7737543064850757,
57391,A Major,0.789084116346067,
57393,G Minor,0.8544858222974402,
57788,G Major,0.6215967100185652,
57787,F Major,0.8234568940510494,
57433,G# Minor,0.7899281959173886,
57792,A# Major,0.8245223216528664,
57786,C# Minor,0.8285414625382549,
57790,A# Minor,0.79562213208273,
57799,C Minor,0.6871730594461031,
57791,C Major,0.7360013204178316,
57798,F Major,0.7858462602827782,
57793,E Minor,0.4129477233502698,
57801,C Minor,0.7643712942806264,
57796,F Minor,0.513994002844815,
57802,B Major,0.8802822270752066,
57909,E Major,0.901355704813156,
57910,G Major,0.9472240754458573,
57804,D Minor,0.3699413952823919,
57913,G Major,0.942768530662512,
57912,G Major,0.9189076495730137,
57914,F Major,0.8983917624618192,
57911,D# Major,0.9146410532895508,
57916,E Major,0.8304295901132708,
57915,B Major,0.8295167005091507,
58128,B Minor,0.9405259898106453,
58111,G Major,0.7621220207159463,
57918,D Minor,0.7933639542814057,
57924,C# Major,0.9409117735229398,
57919,F Major,0.9623432083904158,
57920,G Major,0.9564798271675637,
57922,E Minor,0.892419372374643,
57921,F Major,0.9618986221093699,
58133,A Minor,0.7271529801632128,
58129,E Minor,0.7974070454779878,
58130,D# Major,0.819365596176024,
58140,F# Major,0.5889069255412305,
58134,G# Minor,0.6042633928094215,
58136,E Major,0.4485223835073044,
58135,B Minor,0.7782227987201432,
58139,B Major,0.6487020228230833,
58204,A Minor,0.5493132577586162,
58210,D# Minor,0.34712832125121734,
58207,G Minor,0.45736201480784594,
58215,C# Major,0.6488128066821944,
58138,E Minor,0.7866239851106024,
58219,G# Major,0.9654966187865437,
58220,A# Major,0.6349847186561474,
58216,A# Major,0.9023986963634516,
58274,E Minor,0.8115609394458547,
58290,B Minor,0.7279855318105064,
58237,F# Minor,0.40479366536392336,
58221,B Minor,0.6923734852741947,
58276,D Major,0.7381475774348605,
58273,A Minor,0.3712219128032413,
58292,C Minor,0.7418448711557775,
58278,A Minor,0.9208798938411035,
58275,A Major,0.5710838755691939,
58293,C Major,0.6481207611515233,
58288,A Minor,0.3823628459400139,
58295,D Major,0.7788269210485683,
58304,F Major,0.6999708340977416,
58296,F Minor,0.4353868952207168,
58297,A Major,0.5363752026588597,
58303,A Major,0.5877461700647405,
58294,F# Minor,0.267039721544911,
58308,F Major,0.7074579982663443,
58307,G Minor,0.772748102533748,
58316,E Minor,0.42228364945077285,
58309,E Minor,0.7215991985303236,
58312,G Major,0.8380408251088406,
58339,C Major,0.7779992271653421,
58310,G Minor,0.8456465404090022,
58315,G Minor,0.3853200312198719,
58337,C# Major,0.8536344179646175,
58374,C# Minor,0.9329242916480606,
58384,C# Minor,0.9329242916480606,
58340,D Major,0.8116375028367198,
58410,G# Major,0.832457826319598,
58462,E Major,0.7965703762152267,
58517,F# Major,0.5911998238092326,
58507,G Minor,0.7743138719883926,
58463,F# Minor,0.7749408563496791,
59068,A# Minor,0.43090387423759546,
58604,C Major,0.8623326531329365,
59176,B Minor,0.6821311391203205,
59173,C# Major,0.6711518820532614,
58412,D# Minor,0.8332865196011814,
58505,E Minor,0.7034833482255398,
59250,E Minor,0.5372410651757072,
59251,F Minor,0.5756889614718261,
59252,D# Minor,0.34712832125121734,
59198,E Minor,0.49684925261208174,
59293,C Major,0.9494347387473464,
59284,F Minor,0.8446933173802224,
59190,C Major,0.8237133224370253,
59286,D Minor,0.9145223857800082,
59375,C Major,0.8342367842095721,
59544,C Major,0.7718381472072341,
59542,D Minor,0.8785934899393913,
59294,D Major,0.5806435085900089,
59291,A Minor,0.8942713317041732,
59555,C Minor,0.5484510046936532,
59545,G Minor,0.8524999774235681,
59554,G Major,0.7188332292402106,
59546,D Major,0.8396901305247516,
59543,F Minor,0.8712291307468819,
59559,E Major,0.8851045251037888,
59552,A# Minor,0.8198564324942677,
59595,C Major,0.9197429801522833,
59631,C Major,0.7864982107076958,
59608,E Minor,0.2597077204967368,
59613,F Minor,0.6377680605053963,
59630,E Minor,0.8168913309172184,
59633,F# Minor,0.6902746051033017,
59915,G# Major,0.6102889895675162,
60154,A Minor,0.6774274581221723,
59614,E Minor,0.6857389785090272,
60158,D Major,0.6752422306735956,
59635,B Minor,0.8554573795047045,
59634,A Minor,0.8179010226459363,
60277,F Minor,0.5323990024148739,
60353,A# Minor,0.780951843423518,
60255,F Minor,0.7352192636048887,
59982,A# Major,0.8404944637867137,
60355,B Minor,0.6838835185010225,
60356,D Major,0.938390009714595,
60357,E Major,0.816848087211777,
60358,D Major,0.768199545546934,
60363,G Major,0.8733614380521669,
59985,C# Major,0.8483825420947758,
60360,F# Minor,0.5056467942772844,
60362,A Major,0.7377879772632671,
60920,G# Minor,0.9101068128788505,
60842,E Major,0.7924343219855008,
60922,E Minor,0.8904111398753484,
60921,C Major,0.9236976532404028,
60919,E Major,0.5558347347858434,
60923,G# Minor,0.6944569514731284,
60969,F# Minor,0.7937954353367671,
60924,A Minor,0.7416497147729624,
60928,E Minor,0.8438838103852523,
60971,D Minor,0.7741760349581166,
60973,E Minor,0.8292471483917847,
60926,E Minor,0.8006716141894874,
61480,F# Minor,0.4706048299205391,
60927,G# Minor,0.733496345865129,
60974,C Minor,0.801636736139204,
60925,F Major,0.8081731752146639,
61495,E Minor,0.8239534343542202,
61497,A Minor,0.7870242764344614,
61498,E Minor,0.7687324616913046,
61496,E Minor,0.9203996181364825,
61499,C Major,0.8441391618727982,
61502,G Minor,0.7557232565440041,
61394,D Minor,0.5998387801907932,
61503,A# Major,0.924759296056869,
61501,C Major,0.8785244393584934,
61505,C Major,0.884307815864773,
61504,G Major,0.8326271206015953,
61512,B Major,0.846018416644042,
61509,F# Major,0.7177524928172034,
61510,A Minor,0.4104097046398037,
61679,D Minor,0.8483593199739909,
61731,G Minor,0.8451609420786913,
61507,C Minor,0.7507713541176868,
61673,A# Major,0.6630466215623545,
61768,C Major,0.5921497151065016,
61767,F Minor,0.5227288338342642,
61854,A# Major,0.8719322642037968,
61890,F# Major,0.6869608691046807,
61772,F Minor,0.6119555518016131,
61782,G Major,0.8172685915770087,
61777,G Major,0.9488838877364248,
62164,G Minor,0.856667464120187,
62042,C Minor,0.7431169693047379,
61863,D Major,0.8463759988652686,
62184,G# Major,0.6332962702441772,
62171,G Major,0.6928924996673933,
61775,D# Major,0.7821920605284486,
62381,A Major,0.8940353856379256,
62418,D Major,0.8226614431822156,
62375,C Minor,0.7526786447882045,
62188,D Major,0.848944386706355,
62643,G Minor,0.46855394610034085,
62640,E Minor,0.4382056047530354,
62637,C Minor,0.821232380940742,
62587,B Minor,0.5381038104054161,
62642,E Minor,0.7776202075611126,
62648,D Minor,0.5822300891147435,
62645,E Major,0.8346632772960081,
62641,C Minor,0.6077102775444071,
62665,A Minor,0.7734047912530881,
62647,C Major,0.9415951791384995,
62854,G Minor,0.7290848751897453,
62687,A# Major,0.7359232474971712,
62670,A Minor,0.6022675250792031,
62902,A Major,0.9244514783463419,
62673,F# Minor,0.8114860056319239,
62667,D Minor,0.8524705859298417,
62666,A Minor,0.7353699889784971,
62904,A Major,0.8402066990400076,
62908,G Major,0.8315413097909862,
62905,C Major,0.8339826278179205,
62909,D Major,0.779328480032712,
62910,A Major,0.6734816962717631,
62906,D# Major,0.701820343586479,
62907,D# Minor,0.4683606565893275,
63039,B Major,0.7899918709843875,
62911,C Major,0.7964141377169609,
63098,D Major,0.6029904412396294,
63147,A Minor,0.5121120786142561,
63224,A# Major,0.7951649833259756,
63228,G Major,0.6691509635785041,
63227,A Minor,0.6218448411162564,
63261,A Minor,0.7645855572933055,
63260,E Minor,0.49817270771817473,
63464,E Minor,0.8118167868589148,
63229,G Minor,0.6020020210057048,
63752,A# Major,0.6750702730861963,
63411,G Major,0.5765586323863051,
63732,C Major,0.9408817549818832,
63734,C# Major,0.3619660934702766,
63753,C Major,0.8783230579005404,
63263,E Minor,0.5459538182630377,
63470,D Minor,0.6204476183753075,
63757,F Major,0.7606099748300685,
63477,G Major,0.6737560823386866,
63769,C# Major,0.6601458135408796,
63754,A Minor,0.46039084649835255,
63758,E Minor,0.7420823178709655,
63768,D# Major,0.9516020505500851,
63481,C Major,0.6683115714819933,
63770,E Minor,0.6328872821412926,
63762,C Major,0.4032357975698402,
63789,E Major,0.7720779200105156,
63929,C Major,0.5882336581244716,
63998,E Minor,0.6237865003436592,
63934,C Major,0.5224086891986092,
63969,C Minor,0.5922755162080062,
63965,A Minor,0.8014136262736927,
63966,F Minor,0.6933350445979567,
63968,D Minor,0.7214052658869938,
63971,D Minor,0.753337998880848,
63999,E Minor,0.8111667676764464,
64005,G Major,0.7925551837124395,
64008,E Minor,0.8533564375314708,
64007,D Minor,0.5961952534804976,
64006,A Major,0.8647936079528998,
64046,A Minor,0.770535078276589,
64044,A Minor,0.8127716555779843,
64158,A Minor,0.8822897931894577,
64161,C Major,0.8048213561612977,
64041,A# Minor,0.5625904475335755,
64160,E Minor,0.7672284936010032,
64165,E Major,0.7881257507004975,
64167,E Minor,0.741842604771837,
64164,E Minor,0.6434569763080362,
64163,B Minor,0.7115127475203116,
63979,D Major,0.7342045999247863,
64162,C Minor,0.9141343269376389,
64238,G Major,0.9173175356243518,
64255,E Major,0.5792139337255435,
64275,A Major,0.8302210584660189,
64227,D Major,0.6266581372358841,
64267,A Minor,0.8971854095768074,
64270,C# Major,0.9415014757352631,
64264,G Minor,0.8147759704997238,
64265,C Minor,0.8171894814412572,
64423,G Major,0.6970058082749535,
64953,A# Major,0.7112230134954363,
64361,A Minor,0.5264772407215248,
64363,G Minor,0.5622440619082217,
64362,G Minor,0.41980911579255964,
64576,F Major,0.7218748720579581,
64592,D Major,0.5687022671398069,
64999,D Major,0.7176344157241227,
64998,C# Minor,0.8030153921590752,
65000,E Minor,0.698134947325112,
64956,G# Major,0.6647528056003901,
64804,D Minor,0.7745354360598005,
64952,A Minor,0.8573268720233718,
64955,C# Major,0.8851742384043377,
65089,C Major,0.6394788296853038,
65002,B Major,0.7623800031201765,
65220,C Major,0.9205684195749995,
65154,C Major,0.6718057025385651,
65038,G Major,0.8518785774366344,
65039,G# Minor,0.41783297710141054,
65412,A Major,0.33410954976858276,
65652,G Major,0.8524839647650415,
65472,A Minor,0.7203026889496471,
65475,D Minor,0.7783854666723987,
65217,D Minor,0.6631929873662628,
65656,B Minor,0.8068461785287075,
65416,A Major,0.5538104341647362,
65605,C Major,0.7403841878937585,
65659,B Minor,0.8215762458289491,
65660,D Major,0.845767403687182,
65658,B Minor,0.8707041624035244,
65417,A Minor,0.6242671506168634,
64954,C Major,0.7206962830260368,
65663,G Major,0.921335306433922,
65662,D Major,0.7755242501131011,
65665,B Minor,0.7871452215992648,
65668,D Major,0.7990306675430183,
65661,D Minor,0.7073895618276614,
65666,G Major,0.8735044690909968,
65671,B Minor,0.8032816163414244,
65670,G Major,0.7886027309601991,
65672,D Major,0.8024960469738405,
65678,G Major,0.8327787772821452,
65673,G Major,0.8718059616929609,
65667,D Minor,0.6741974579314124,
65674,D Major,0.6956970125732632,
65676,B Minor,0.7339572187633556,
65669,D Major,0.791881274304683,
65782,F Minor,0.9123131731417629,
65783,C Minor,0.7250050598552937,
65683,A Major,0.8026955991796917,
65657,D Minor,0.7103143730688769,
65755,C Major,0.9136161235594854,
65781,E Major,0.8441071879721106,
65749,C Minor,0.8309350533666909,
65788,C Minor,0.7764564929817233,
65682,B Minor,0.81163366404032,
65787,C# Major,0.7859940044127405,
65793,C Minor,0.7716407911481531,
65789,A# Major,0.7975315744246018,
65792,F# Minor,0.7848609810529458,
65794,D# Minor,0.803391663971848,
65796,C# Minor,0.6579263028726232,
65791,D# Minor,0.891963553075403,
65872,D Major,0.9626207596415725,
65877,B Minor,0.7930202704544907,
65874,G Major,0.6338201547213304,
65879,D Major,0.8442838525443561,
65878,G Major,0.7637854541813979,
65890,A Minor,0.7401401294318538,
65880,F Major,0.9507334963669649,
65876,A Minor,0.7007745143169696,
65891,E Major,0.7182263343257101,
65892,B Minor,0.5777125420156967,
65992,C Major,0.7817076087767684,
65991,C Major,0.8068204895504644,
65996,C Major,0.6299134865555014,
65893,E Major,0.7827176634236591,
65994,C Major,0.8822990035352355,
65993,F Major,0.7939986653825906,
66049,F# Major,0.9200048756464209,
66050,F# Major,0.8698497519756547,
66051,C# Major,0.7886047631900306,
66052,G# Major,0.7840932445393061,
66053,G# Major,0.7688944918364794,
66054,F# Major,0.8064662240670336,
66057,D# Major,0.9000501830141531,
66056,C Major,0.8706263058722071,
66078,A Minor,0.4087693447756224,
66011,B Minor,0.5854016811875375,
66073,C Major,0.556107928091446,
66082,A Major,0.7235693151725214,
66074,F# Minor,0.899341709496114,
66083,A# Major,0.6149621533613874,
66075,F Major,0.7905078057750621,
66076,A Minor,0.7231875381901609,
66081,B Major,0.562231723909228,
66087,E Major,0.5203898881776241,
66084,G Major,0.652541684458976,
66086,A Minor,0.8682001397144237,
66093,D Major,0.7245375303395266,
66091,A Minor,0.6127579271348297,
66089,B Minor,0.7350884365187553,
66094,B Minor,0.8457934256301498,
66095,B Minor,0.5046738304483874,
66096,A Minor,0.9253538825889215,
66090,B Minor,0.7275905169911038,
66099,B Major,0.8638337269985156,
66100,F# Minor,0.9299675817204512,
66131,F# Major,0.9049932973400606,
66098,C Major,0.814901258648614,
66097,B Minor,0.6394702698380217,
66112,E Major,0.8963326824604472,
66113,F Major,0.9379089516375007,
66137,C Minor,0.680964171122199,
66114,F Major,0.9010420988217217,
66134,C Major,0.7995532165285154,
66130,D Major,0.7319157655319897,
66143,G Minor,0.7137857024286133,
66142,D Major,0.775936257389895,
66136,D Minor,0.7401363930868418,
66138,C Major,0.8361722470042834,
66141,A Minor,0.6269977788411797,
66144,C Major,0.7002739341710044,
66179,A Major,0.8861717638962742,
66177,C Major,0.849376192117896,
66150,E Major,0.6281022771135625,
66178,D# Major,0.9345526498943385,
66180,A Major,0.9641894126284772,
66183,F Major,0.9454218787679585,
66182,A# Major,0.9205688260318335,
66186,F# Major,0.7858770435254793,
66303,C Major,0.8351537983915717,
66193,D Major,0.7228188696785184,
66184,F# Major,0.8587335129397097,
66185,F Major,0.9346618264008991,
66187,C# Major,0.879599847498893,
66188,C Major,0.9661223249035296,
66201,G Major,0.928177376362039,
66319,C# Major,0.8586929770303725,
66315,A# Major,0.7990749969038198,
66318,A Major,0.8775440247152869,
66314,F Major,0.912168682588586,
66317,F# Major,0.9286622655028196,
66316,E Major,0.8982488335544828,
66320,G Major,0.9245482625592186,
66323,D Major,0.8869279087336843,
66321,E Major,0.9171695913844256,
66322,B Major,0.9490261305092383,
66324,G Major,0.9094984522058648,
66389,G Major,0.3934074372198589,
66375,D Major,0.47181859419661476,
66401,A# Major,0.5862928927457296,
66392,E Minor,0.4720415229885269,
66402,A# Major,0.8420015795098997,
66406,D Minor,0.5246988580402382,
66395,E Minor,0.785254197963876,
66408,D Major,0.8093756826026732,
66409,G Major,0.48019820006209457,
66416,E Minor,0.9042760543682216,
66415,E Major,0.8897140044754678,
66414,B Major,0.8494629125784301,
66390,D Minor,0.868971724344279,
66420,G# Major,0.6699441674062024,
66417,C Major,0.9040305399918428,
66418,A# Major,0.9267703888401894,
66421,C Major,0.9317450488441877,
66422,G Major,0.852898188148978,
66459,D Major,0.6412879700422285,
66436,C Minor,0.786714600684391,
66493,G Minor,0.42814039581684965,
66510,F Major,0.845885880944702,
66495,A Major,0.7332763236231392,
66437,D Minor,0.8968478108347394,
66519,G Major,0.5825082073359171,
66516,D Minor,0.7557927746501583,
66441,D Major,0.8254065479209677,
66518,A Minor,0.7248330746384946,
66542,G# Major,0.809029306489672,
66544,G Major,0.7193166659984019,
66659,A Major,0.8153311528523367,
66543,C# Major,0.9438772850266259,
66660,A Major,0.8760234517794796,
66524,C Major,0.597450115170671,
66723,D# Major,0.46938312052892095,
66545,C# Major,0.7407569645887002,
66739,C Major,0.8328312340038253,
66724,E Minor,0.7093934777784755,
66547,D# Major,0.9079393883969211,
66740,A Minor,0.8121157652034471,
66741,D Major,0.7499176656065649,
66753,D Major,0.7723159962280562,
66748,C# Major,0.7359978089831265,
66752,C Major,0.802356284186088,
66766,D Minor,0.7356020394117986,
66744,B Major,0.7834439716026798,
66851,C# Minor,0.8311065226460765,
66756,G Major,0.6878121812165401,
66757,C Major,0.8745911098502708,
66856,G# Minor,0.41200667492183374,
66853,C Minor,0.5223845186242538,
66546,G# Major,0.8898752884625898,
66858,C Minor,0.6841311006199999,
66859,F# Minor,0.24772051601777348,
66857,C# Minor,0.6021166104124368,
66881,D# Major,0.7696755423807548,
66860,A Major,0.7199357662787735,
66876,D# Minor,0.7288462348077688,
66873,F Minor,0.7889501382255714,
66877,F# Major,0.7263729906040277,
66882,F Minor,0.7042169085709558,
66886,C Minor,0.35360654390624313,
66895,G# Minor,0.7284772795365667,
66904,B Minor,0.8699965648843757,
66903,F# Minor,0.9179953359447782,
66896,D Major,0.8004925826474995,
66929,A Minor,0.558076251557927,
66933,A Major,0.6788757436976116,
66905,G Major,0.36370615928802874,
66887,E Minor,0.6925463446402337,
66939,A Major,0.7397661052778334,
66941,A Minor,0.4244046886960726,
67101,G Minor,0.47563452368501896,
67106,A# Minor,0.4996928006193483,
67102,A Minor,0.7690446568862688,
67289,E Major,0.882553528720602,
67257,E Major,0.9420450161137278,
67236,A# Minor,0.6719278655091534,
67051,A Minor,0.8054569928695045,
67286,A Major,0.9094129512244357,
67121,D Minor,0.8355645157957514,
67287,F# Minor,0.6759668541677865,
67293,G Major,0.7509822400080505,
67288,A Major,0.8214294824263061,
67292,A Major,0.8059542569178889,
67298,G Minor,0.5695465495971533,
67329,C# Minor,0.612648966524816,
67291,C Major,0.8854835416518142,
67294,A Major,0.5422392890542883,
67300,G Minor,0.3214020438712356,
67302,G Major,0.7818625597345449,
67335,G Major,0.911183135019606,
67306,D# Major,0.48675621650254064,
67303,A Minor,0.7506082770907715,
67330,E Major,0.8430174568785906,
67334,C# Minor,0.8748136772719157,
67332,A Major,0.744754086879713,
67333,C# Minor,0.6828076570359447,
67363,G Minor,0.8995735206682192,
67336,C Major,0.6137140574831743,
67465,C Major,0.7975845409492635,
67466,E Major,0.6226617273488381,
67464,G Minor,0.5173608558818663,
67474,G# Minor,0.8362175313500383,
67467,D# Minor,0.6013364356912901,
67472,E Minor,0.491145509245125,
67473,C Major,0.8639096840075109,
67654,A Major,0.6380822985724218,
67579,G# Minor,0.7892423741634279,
67653,G# Major,0.3848712215611091,
67656,A Minor,0.8379890264654927,
67581,C# Minor,0.8669890429819478,
67744,G Major,0.659961589999396,
67552,A Minor,0.8751868582764406,
67658,C Major,0.9018864357982764,
67838,E Minor,0.7963911326511782,
67660,D# Minor,0.7066850630943774,
67547,G# Major,0.4196507637665956,
67837,D Minor,0.6639058334247362,
67836,A Minor,0.8350805420622607,
68187,C Major,0.7768774381639714,
67840,C Major,0.7190660407798044,
68189,D# Major,0.8060202673285394,
68192,A# Major,0.8356504930923383,
68194,D Major,0.8859846778043972,
68195,D Major,0.9631823018682667,
68196,G# Minor,0.5407074114694457,
67831,A Minor,0.8430332839866422,
68253,A Minor,0.9162874163813062,
68255,G# Minor,0.7340029456298667,
68260,G Minor,0.9528801552071032,
68256,G Minor,0.8355415750478647,
68414,G Major,0.6439099496247337,
68279,D Major,0.46729735159055197,
68416,G Major,0.7974250857804225,
68278,A Major,0.8400477501698985,
68413,E Major,0.8293359115804487,
68281,D Major,0.8249561031707997,
68419,D Major,0.730236485275182,
68280,G Major,0.8600048422276937,
68420,C Major,0.8076281453060141,
68429,C Minor,0.826132067586829,
68426,C# Minor,0.6567077004335172,
68428,F Minor,0.46466220688838394,
68424,B Minor,0.7478818320888144,
68459,G# Major,0.48815282582779096,
68434,D Major,0.6627104237597908,
68582,A Major,0.5112302188790949,
68456,C Major,0.6229536412646669,
68583,G Major,0.725288162663236,
68584,G# Minor,0.6105837937521754,
68777,D Minor,0.8392936270693365,
68586,A Minor,0.9044783922472851,
68778,A Minor,0.6492998774570485,
68910,D Major,0.5271309350910922,
68913,E Minor,0.35514264020654446,
68914,A Minor,0.812821941891388,
68912,A Minor,0.6033553095288791,
68911,C Minor,0.5856532584094163,
68948,G# Major,0.689218931560815,
68915,E Major,0.7360055035782168,
68916,F Minor,0.6768384022187439,
68917,C Minor,0.5238589354801254,
68950,A Major,0.7416311123660363,
68919,E Major,0.8717212689127297,
68942,E Minor,0.4074604107913683,
68918,E Minor,0.31975523085906715,
68949,F Minor,0.4883919111272917,
69011,D# Major,0.43748695083811606,
69068,E Minor,0.698520758440523,
69012,A Major,0.44711649960189875,
69064,G# Minor,0.5330858124786583,
69065,E Major,0.706472492808598,
69176,F Major,0.8081194484359031,
69067,D Minor,0.5538123268516272,
69073,C Major,0.644415079197146,
69233,A# Major,0.8188646778548195,
69214,F Major,0.9496747424459006,
69234,C Major,0.6592131607103661,
69235,G# Major,0.9168889879760804,
69237,G# Major,0.6393841322308038,
69242,A# Major,0.7682237789287084,
69072,D Minor,0.6196359610556506,
69238,F# Major,0.7281496401233883,
69240,G Major,0.8204830948528987,
69226,G# Minor,0.47217716012977057,
69245,C Major,0.8266606610445049,
69250,A Minor,0.6795494694213058,
69259,D Major,0.7562068784164409,
69244,D Minor,0.757337580851024,
69314,D Major,0.9056099154554267,
69319,A Major,0.690227136033388,
69247,C Major,0.8685395703024393,
69246,C Major,0.9243611334552877,
69248,E Major,0.8434286580591611,
69588,F Minor,0.542916258614424,
69323,D Major,0.8449361996105458,
69330,D Major,0.8623981919164629,
69458,A Major,0.9265384798888802,
69593,G Minor,0.5421336135544035,
69590,A Minor,0.6390851975481178,
69608,G Major,0.945006353388605,
69594,A Minor,0.872294479549113,
69576,F Minor,0.6697855401770721,
69601,B Major,0.9242844697544819,
69609,D# Major,0.9326135829963277,
69607,D Major,0.9156124042304176,
69611,F# Major,0.8699455375749195,
69610,C Major,0.9614843693473586,
69941,C# Minor,0.6611024446144864,
69612,A# Major,0.9628834387376456,
69781,B Major,0.8177797579194463,
69937,E Minor,0.7548659582684132,
69904,A# Major,0.5657187723305548,
69932,A Major,0.7869336589965111,
70050,G Minor,0.7453584955584138,
70051,A# Major,0.7917716807528978,
70052,C# Minor,0.9672657730695008,
70056,E Major,0.9097384223122333,
70053,D# Major,0.789201057426629,
70054,A Minor,0.9271166148407961,
70058,E Major,0.933072803842876,
70103,G# Minor,0.34073571404477465,
70048,A Major,0.7944294559781035,
70057,D Major,0.9230470017410422,
70191,D Minor,0.7338871812914436,
70059,B Minor,0.8226257936634787,
70194,D Major,0.5926593554351698,
70215,G# Minor,0.48244502438169456,
70061,G# Major,0.8112875735868406,
70213,D# Major,0.8213028634683559,
70227,B Minor,0.6699877231633738,
70221,G Major,0.7697579700414965,
70244,A Minor,0.31695066760728535,
70229,E Minor,0.6657392285633335,
70673,F Minor,0.8988813114037274,
70719,C# Major,0.6452230026367507,
70302,C Minor,0.6867219045705908,
70717,B Major,0.7958059882794728,
70713,C Minor,0.472314712766912,
70403,G Minor,0.825111054656377,
70883,F Minor,0.8238724030864429,
71009,A Major,0.4408317299716782,
71256,A Major,0.6290525424242819,
70887,F Major,0.653225627648817,
71226,D Minor,0.6406009583390904,
70304,A Minor,0.6376054400240972,
71231,G# Minor,0.2665017097015787,
71257,D Minor,0.8015606480262849,
71334,C Major,0.620360199504845,
71229,A Minor,0.4584450279966577,
71262,C Major,0.8296042242407426,
71261,D Minor,0.6707339250281757,
71263,E Major,0.7239682897713319,
71264,F Major,0.8476198996958395,
70060,F# Major,0.7770548082820643,
71266,A Major,0.8478505613843321,
71363,A Minor,0.8188522910921451,
71365,A Minor,0.8066332556600199,
71364,A Minor,0.7603423608147593,
71367,A Minor,0.6643034938227591,
71366,A Minor,0.5050702506316853,
71368,A Minor,0.6773560601421678,
71371,D Major,0.7108895684020515,
71369,A Minor,0.5290191160236936,
71506,B Major,0.6661446258220659,
71370,E Minor,0.7123005820106041,
71488,E Minor,0.5500672768721765,
71372,C Major,0.8277669483573098,
71511,G Major,0.8472749094342352,
71582,F Major,0.3573902067608365,
71515,A Major,0.5478545969033998,
71584,F# Major,0.7871325958985046,
71583,A Major,0.7687948940085904,
71517,C Major,0.8592971319869854,
71504,E Minor,0.3727075961668255,
71703,E Minor,0.5415854456566378,
71701,A Minor,0.6344512498648328,
71516,A Minor,0.8329368406236645,
71700,E Major,0.7086723332545621,
71698,C# Minor,0.6968971512854198,
71697,A# Minor,0.3790864927847889,
71585,D Major,0.9159430778147886,
71702,A Minor,0.5979266226452356,
72017,F# Major,0.8027448227136714,
72020,E Major,0.734937434510203,
71855,G Minor,0.7449444554484675,
72048,F# Minor,0.7092329754926666,
72047,D Major,0.8909318808373842,
72046,A Major,0.8365872310314713,
72051,D Major,0.863490985239084,
72049,E Minor,0.706957086016927,
72022,F Major,0.782867902969626,
72053,A# Major,0.9592341840699449,
71957,E Minor,0.8061212257854647,
72055,B Minor,0.7041581396000228,
72056,G Major,0.9152314840873277,
72057,A Major,0.8984787890386844,
72113,A Major,0.6775469383424249,
72110,D Major,0.6942513332517967,
72248,F Minor,0.32427463502720966,
72245,C Major,0.7486349642058729,
72246,G Major,0.6645227756520962,
72206,D Major,0.8368739841446335,
72115,G Major,0.7713213538264696,
72255,G Major,0.9089220684898651,
72313,D Minor,0.47317543388461575,
72360,B Major,0.916833490406995,
72436,D Major,0.7632468643943814,
72451,D Minor,0.5647236792813287,
72475,B Major,0.5686285979151326,
72474,F Minor,0.7812297904424842,
72359,C# Minor,0.7283131588682099,
72624,F Major,0.5951572824211948,
72623,C# Minor,0.7047639468491389,
72477,C# Minor,0.6629751920634375,
72480,G Minor,0.8577408523079384,
72634,D# Minor,0.7846264864884692,
73181,D# Minor,0.6349517826835508,
72615,A Minor,0.7564775827619598,
72686,C# Major,0.7245407667141338,
73419,B Minor,0.756409256188652,
73422,G# Major,0.8515328455545352,
73114,D Minor,0.5297904179528437,
73420,D Major,0.820347999895798,
73428,F Major,0.7105573050609935,
73069,C Minor,0.4739982214822856,
72997,D Major,0.6168327115150065,
73423,B Major,0.46843019985640677,
73431,D Major,0.7753555567621174,
73425,E Major,0.7995399998626,
73435,C Major,0.8555072719151973,
73432,A Major,0.8491052133447647,
73492,D Major,0.8429720517853565,
73437,C Major,0.9503744244273402,
73696,G# Major,0.7752941814920892,
73693,D Major,0.5139675457358773,
73687,E Major,0.9702781290037547,
73689,E Major,0.7627237614035874,
73758,A Major,0.9617501680596791,
73741,F Minor,0.8850176191358995,
73704,G Major,0.9137828444266993,
73495,B Minor,0.7012519388739453,
73768,G# Minor,0.26608211966013845,
73770,A Major,0.9617501680596791,
73761,F Major,0.9138244758853101,
73763,C Minor,0.740094099918158,
73774,A Major,0.8812555080317653,
73772,F Minor,0.8850176191358995,
73866,A Major,0.6772465024718617,
73836,E Major,0.9025959916103894,
73868,D Minor,0.8165862821236534,
73875,F Minor,0.6938449335085863,
73788,F Major,0.5349683096101768,
73792,A Major,0.8308915804081662,
73789,A Minor,0.5711015990449726,
73941,D Minor,0.76642434663394,
73809,A Minor,0.9001801113855749,
73942,F# Minor,0.5944697884001258,
73944,A# Minor,0.7444011191160597,
73946,F# Minor,0.40569882706353344,
73806,G# Major,0.8031017127242411,
73953,F Major,0.7947015369516893,
73948,G# Major,0.8740809813213477,
73951,A Major,0.897625052585126,
73954,D Major,0.8552048439837823,
73950,E Major,0.9095819139640466,
73957,D Major,0.7426248137030425,
73943,F Minor,0.8217179421511855,
73952,G Major,0.8718201159214297,
73955,D Major,0.6752412824021881,
73959,F Major,0.8883562281633748,
73958,D Minor,0.6474435946200996,
73956,G Major,0.8810402552526662,
73964,D Major,0.6320333338610257,
73965,C Minor,0.6326147855295727,
73968,D Minor,0.6213525799295448,
73967,G Major,0.8338066229517244,
73966,F# Major,0.7234322645682754,
73969,G Major,0.6885951570845789,
73970,G# Minor,0.7429251039948058,
74090,D# Major,0.9168342505485017,
73971,A# Minor,0.742218060302041,
74111,C# Major,0.8827660897683492,
73973,D Minor,0.7007111250177264,
74113,C Major,0.7682701723271124,
73977,D Minor,0.6195616448027437,
73976,D Minor,0.8546329895816678,
74192,D# Major,0.8388049532596717,
74146,E Minor,0.6556068832385987,
74208,D Major,0.703147785193664,
74214,D Minor,0.4243787316816843,
74378,C Major,0.39690611926113556,
74384,C# Minor,0.3737698618772905,
74149,A Minor,0.7838394454734097,
74148,A Minor,0.8961982491947147,
74383,E Major,0.8572759201073942,
74340,G Minor,0.32297440069219996,
74393,C# Major,0.9401611504946589,
74506,F Major,0.8909600256142959,
74474,D Minor,0.5663115967448826,
74386,C Major,0.8315958306233224,
74508,D# Minor,0.6392296796411395,
74510,D Major,0.9223880462345161,
74514,A Major,0.7328792383331519,
74509,C Major,0.8686101032514274,
74512,G Minor,0.8596894879405456,
74515,G Minor,0.532407899550914,
74517,G Major,0.8961971888818955,
74518,A Major,0.860361711970566,
74516,F Major,0.8922213407133835,
74528,F# Minor,0.5980052734258982,
74533,D Major,0.8200362505931779,
74535,D Major,0.6748546748686969,
74532,A Minor,0.48679232508830467,
74529,D Major,0.8541312729792223,
74531,D Major,0.5779462294676125,
74536,D Major,0.8553230435819472,
74695,B Minor,0.6603217246903096,
74537,G Major,0.6909442724914048,
74694,G Major,0.8313400823047007,
74552,C Minor,0.6537774662806802,
74692,C Major,0.7712329025767833,
74853,E Minor,0.39561293630506994,
74691,G Major,0.7009075869068745,
74856,G Minor,0.6052988558077113,
74817,D# Minor,0.8859055417199478,
74897,C Minor,0.6635826788592978,
74556,A Major,0.8351603879467371,
74867,A Major,0.8845233350021706,
74898,C Minor,0.6581845287402288,
74901,A# Major,0.34618706970841295,
74864,A Major,0.8853081474530202,
74857,F Major,0.7558053409062792,
74899,G Minor,0.6810789578626243,
74906,A# Minor,0.46580984071196996,
74868,E Minor,0.6337962187659564,
75051,E Major,0.8493510825971166,
75052,D Minor,0.7163555267385315,
74937,C Major,0.7730681680063524,
75055,C Major,0.8147544546948986,
74938,A Minor,0.6497265463028068,
75053,G Major,0.8237387705037851,
75049,D Major,0.6278699404214481,
75057,E Major,0.769362004601856,
75056,D Major,0.9680051034274954,
75059,C Major,0.9145141346675822,
74925,A Minor,0.81715084355128,
75231,C Major,0.86067482624091,
75238,D# Minor,0.7690104825181393,
75061,D Major,0.9603818905711003,
75060,D Major,0.9172845068301463,
75244,B Major,0.5567015244543998,
75234,F# Minor,0.6931479096256333,
75265,F Minor,0.6639099969938157,
75269,C Minor,0.7203970875339573,
75232,A Major,0.7771033044647446,
75268,D Minor,0.7124658301363748,
75270,E Major,0.5703260276835307,
75233,A Minor,0.8329501191448063,
75271,D# Minor,0.6751482814643166,
75267,B Minor,0.6039888567565268,
75273,A Minor,0.8569186930552751,
75272,E Minor,0.7381856718654014,
75372,C# Major,0.751457991516983,
75376,F# Minor,0.5027913276859185,
75377,F Minor,0.33440889838343435,
75374,D Minor,0.6690114918781788,
75379,G Minor,0.5374014565104215,
75381,A Minor,0.6229969967973625,
75378,C Minor,0.5147719961002347,
75387,D# Minor,0.6803321366318407,
75385,F Minor,0.23459159169874905,
75384,B Minor,0.41283706023511313,
75389,E Minor,0.28281254766509495,
75394,G# Minor,0.4488812309510283,
75393,E Minor,0.8044829645858276,
75395,F# Minor,0.3163439582079285,
75276,C Major,0.4208703794069884,
75413,C# Minor,0.5396521928363236,
75396,G# Minor,0.35905084363247697,
75414,G Minor,0.45736201480784594,
75429,D Minor,0.7285636957926848,
75417,G# Major,0.3737236259819467,
75430,F Major,0.531369825294028,
75416,F# Minor,0.3368044371131015,
75431,D Minor,0.8740954725462501,
75424,E Minor,0.43192158562338645,
75433,D Minor,0.8502042292109817,
75436,D Minor,0.7619701542885309,
75432,D Minor,0.8489886990767839,
75419,D Major,0.47658798540264125,
75435,D Minor,0.9215945647712395,
75422,D# Major,0.45483724029294825,
75440,F Major,0.8187555556067576,
75434,D Minor,0.8786049698629519,
75439,D Minor,0.5531151035703838,
75437,D Minor,0.887725064112031,
75441,D Minor,0.8178983108282426,
75579,A Major,0.891472383500335,
75475,F Major,0.7098629870060759,
75443,A# Major,0.5875081365164092,
75581,G Major,0.8973209270185047,
75578,A Major,0.8625005348601162,
75580,G# Minor,0.8089880270028256,
75585,E Minor,0.3780684909427368,
75454,A Minor,0.8682757860535348,
75583,C Major,0.9126465292047824,
75456,D Minor,0.8444653455583504,
75476,F Major,0.6317123458889963,
75582,C Major,0.8811133544422959,
75586,C Major,0.8616814676631305,
75587,A# Major,0.6905299780833628,
75458,A Minor,0.8852049697189067,
75588,C Major,0.6095412862956333,
75589,G Major,0.8211954819555255,
75626,B Major,0.7432305581489177,
75682,G# Major,0.7845179405299698,
75681,E Minor,0.8070694136302398,
75685,E Minor,0.6369973385014452,
75680,B Major,0.7518475923401736,
75684,G Major,0.7572550285916879,
75683,G Major,0.8105676830215922,
75693,D Major,0.9007534974503486,
75692,D Major,0.7987543213546678,
75903,G# Major,0.6538528618041426,
75686,C# Minor,0.8891346048529034,
75901,C# Minor,0.8089295391006607,
75904,D# Minor,0.8156183159729817,
75746,G# Major,0.4651577684911308,
75905,D# Minor,0.7381998878205984,
75900,D# Major,0.838515875767817,
75909,D# Minor,0.5533274960514201,
75906,C Minor,0.537924500092329,
75910,D# Major,0.5883914239459435,
75978,E Minor,0.7515589123996717,
76128,D# Major,0.7326231408283025,
76082,G Major,0.5545532720849238,
76129,F Major,0.7545208840017357,
76236,C# Major,0.8072132189069423,
76117,C Major,0.6548334121550593,
76131,D Major,0.8369805419861611,
76130,C Major,0.8474991089678646,
76239,C Minor,0.7371978803099588,
76244,F# Major,0.6517887044685555,
76247,D# Minor,0.3610934060913053,
76241,E Major,0.7204569299037673,
76281,B Minor,0.7058445980003778,
76248,G Major,0.8398641433793078,
76240,G# Minor,0.5751145774070624,
76252,C Major,0.7598466398964906,
76243,F Major,0.8528061242873333,
76287,C# Major,0.688970334557543,
76284,G Major,0.6048230394613827,
76286,F Major,0.6878762763712668,
76282,E Minor,0.7323703916427107,
76288,A# Major,0.6878790470055878,
76349,D# Minor,0.48125194384391856,
76283,D Minor,0.5961367772755116,
76351,G Minor,0.5579219429959582,
76285,B Major,0.9495763538028602,
76352,G# Major,0.6770443176542881,
76353,G# Major,0.8584480366476396,
76354,D# Major,0.6213620988298403,
76356,C# Minor,0.5031857948099676,
76482,D Minor,0.5000239327331364,
76355,G Minor,0.7500569573839349,
76479,C# Major,0.5268172881023709,
76478,D Minor,0.554633931944344,
76357,D# Major,0.8158989776939864,
76486,G# Minor,0.4289532388543975,
76490,D# Minor,0.30678676356245593,
76491,B Minor,0.7985735727894301,
76509,B Minor,0.8786294110897657,
76497,E Minor,0.6715647479278211,
76499,D Minor,0.46780182744103793,
76504,B Major,0.8003060339199194,
76500,E Major,0.69306440537857,
76511,G Minor,0.6879560336754428,
76506,D Major,0.8194771523576866,
76501,A Minor,0.6447241811197488,
76513,B Minor,0.6997346919487841,
77233,C Major,0.9472624391018801,
77236,G Major,0.963195359604041,
77234,B Major,0.9242844697544819,
77308,C Major,0.7628442958306169,
77317,C Major,0.934411774400343,
77235,D Major,0.8435598790418929,
77316,G Major,0.7099049724582671,
77315,G Major,0.8102380427715106,
77374,B Major,0.44908328139967746,
77309,B Major,0.9037059877780795,
77312,C# Minor,0.5085255386353726,
77376,G Major,0.47684932472141334,
77311,C Major,0.8332820785429813,
77377,G Minor,0.49694136784020476,
77375,E Minor,0.6119736557788926,
77378,C Major,0.8208509227178356,
77379,A Major,0.8909243792540674,
77382,E Minor,0.67105979544325,
77385,G# Major,0.6165373637458388,
77304,D Major,0.711129948088405,
77386,C Major,0.7716025924379422,
77380,A# Major,0.7451152487074293,
77564,D Minor,0.7795151569262023,
77550,F Minor,0.7180737171460826,
77573,D Major,0.9152071115080496,
77548,G# Minor,0.6170679168310075,
77825,G# Minor,0.5768591865736821,
77577,F# Minor,0.7178461087204419,
77833,F Major,0.6058240623498338,
77549,B Minor,0.839942483642409,
77826,D Major,0.7380361711573235,
78067,B Major,0.7301356790959058,
77566,G Minor,0.7038136152347483,
77832,G# Major,0.6826481383633664,
77831,A Minor,0.7562869545373396,
78099,F# Minor,0.883697695144025,
78101,F# Minor,0.8934047836119645,
78096,C Minor,0.7519278317421497,
78102,C Major,0.8105221913684402,
78244,B Major,0.5281274235072985,
78207,A Major,0.8667968194492668,
78100,A Minor,0.8756516239599357,
78836,A Minor,0.5175413714808751,
78839,A Major,0.49686395801407507,
78252,B Minor,0.8699761340474371,
78834,A Minor,0.6256368480556664,
78835,E Major,0.6234673575927923,
78840,A Minor,0.5690390179914562,
78249,G Minor,0.7547730326711004,
78847,A Minor,0.8291020824066939,
78104,D Minor,0.8545687990651405,
79339,A Minor,0.4034619863679068,
79344,F Major,0.4672332850127264,
78845,E Minor,0.5423757842733977,
78843,D# Minor,0.5793490423944292,
78852,A Minor,0.5083745127052174,
78848,A# Major,0.5946961431298764,
79340,G Major,0.5480574481036684,
79364,E Major,0.9356998782947888,
79365,D Major,0.9057611142311033,
79363,D Major,0.9005867674139831,
79367,B Major,0.9565544100837378,
79368,E Major,0.9524814119243503,
79366,G Major,0.9067207831786652,
79369,E Major,0.9176849335110336,
79372,G Major,0.8567584355088539,
79736,E Major,0.7096731485941304,
79604,F Minor,0.6085243052576228,
79744,D Major,0.8009804098201307,
79734,D Major,0.8984972328112907,
79731,B Minor,0.8249829709353366,
79746,A Major,0.7414787007051689,
79749,G Major,0.8567584355088539,
79745,E Major,0.7544021484677966,
79733,F# Minor,0.4190904539956413,
79755,B Major,0.9565544100837378,
79753,E Major,0.9176849335110336,
79754,E Major,0.9524814119243503,
79757,D Major,0.9057611142311033,
79756,G Major,0.9067207831786652,
79760,D Minor,0.732882772263151,
79758,D Major,0.9005867674139831,
79759,E Major,0.9356998782947888,
80002,F# Major,0.8144370834743506,
80000,G Major,0.9171970922430622,
80001,D Major,0.824476207435377,
79784,E Minor,0.668159599558566,
79895,A Minor,0.818038859971385,
80076,F# Major,0.3511018913238261,
80089,D# Major,0.6627256111903544,
80005,A Major,0.785676653914373,
80091,F Major,0.6665465618396298,
80088,F Major,0.5498940668912645,
79799,G# Major,0.6197099431391357,
80087,B Minor,0.6073863341456278,
80090,D# Minor,0.6930536226537054,
80162,A Major,0.7248479376605752,
80301,A Minor,0.7455067766309766,
80159,A Minor,0.4491095316818499,
80239,A Major,0.5512089892868639,
80307,E Minor,0.9027328063594011,
80163,G# Major,0.6694389986515781,
80145,E Minor,0.925703373939827,
80311,G Major,0.7690852702254685,
80142,D# Minor,0.7627107327263147,
80439,E Minor,0.6638227365368735,
80449,F Major,0.8991665939191098,
80312,B Minor,0.8948152085302175,
80429,C Major,0.7721275406366609,
80491,A# Major,0.7755690538340442,
81241,C Minor,0.42805084707639024,
80783,D# Major,0.6439866655936468,
80426,D Minor,0.8714454949979266,
81243,B Minor,0.6891320104154119,
81238,A Major,0.8283784599653551,
81244,G Major,0.9222743120160994,
81248,E Major,0.7947023311781148,
80503,D Minor,0.7936744126878899,
81246,E Major,0.8104985462999758,
81252,E Minor,0.7011704496294717,
81357,A# Major,0.8755825785726981,
80786,C Major,0.746333552533926,
81368,C# Major,0.7702948299148475,
81356,A# Major,0.9534037257386067,
81382,G Minor,0.7124473077434659,
81451,F Major,0.8766487924691689,
81355,E Major,0.7222999226212021,
81452,D Major,0.8695895496323137,
80793,C Minor,0.6621062653550681,
81454,F Major,0.8283555722136734,
81364,A Major,0.9559813081193651,
81461,D Major,0.9013509242741752,
81370,A# Minor,0.4654212073335242,
81455,E Major,0.8118788138714358,
81465,G# Minor,0.905006977863377,
81450,C Major,0.9161991367650161,
81462,F Major,0.9562908556669092,
81463,C Major,0.8934495784385351,
81468,C Minor,0.7188204926349535,
81466,F# Minor,0.7075716073890767,
81476,F Major,0.8903737975672289,
81479,B Major,0.8099224161026747,
81484,B Minor,0.7388623885877716,
81483,D# Minor,0.613522012581391,
81481,A# Minor,0.8971480838396375,
81491,F# Minor,0.8784161117372439,
81489,D Major,0.5682616792935313,
81480,D Major,0.9218526602129836,
81493,D Major,0.5870036986829772,
81478,C Major,0.8911869398004908,
81490,C Major,0.8343859555990781,
81487,A# Major,0.7823960793701885,
81492,C# Major,0.8363274508296078,
81497,C Major,0.8737347120657338,
81501,E Major,0.9024288674804578,
81495,E Major,0.6391985813256321,
81499,G Major,0.8664442703425643,
81504,F# Minor,0.8525634512536784,
81498,F Major,0.6132022899126505,
81509,E Major,0.8290555137257845,
81506,D Major,0.6157658646650672,
81510,D Minor,0.910264332680513,
81507,E Major,0.9162270422293517,
81508,E Major,0.904147834958425,
81516,A Major,0.7723038765382332,
81523,C# Minor,0.8745395654596986,
81514,F# Major,0.785458364681524,
81531,E Major,0.8181612735487075,
81517,B Major,0.9092494098907892,
81511,B Major,0.964776276017537,
81519,C Major,0.9319874842429736,
81534,D# Major,0.754420641259505,
81527,A Major,0.701341313692846,
81520,D Minor,0.8098267090249847,
81526,F Major,0.8695977172757405,
81528,D Major,0.8524637172692875,
81532,G Major,0.9432214947196523,
81536,B Major,0.6088018135325428,
81542,E Minor,0.8164395320883003,
81537,D Minor,0.5357046234772289,
81546,A Minor,0.8047967757869796,
81547,D Major,0.9376241521443555,
81543,D Major,0.8363734417886952,
81551,C Major,0.7820752855319764,
81538,D Major,0.5348335250968336,
81544,B Major,0.9287625778416191,
81553,D Major,0.7481239668603143,
81558,E Major,0.6876624803138934,
81555,D# Minor,0.6621959951565793,
81560,B Minor,0.389567193045381,
81568,A Minor,0.7650767180719431,
81567,F Major,0.9100873705899666,
81569,D# Major,0.8269421452407606,
81539,E Major,0.7635477306216378,
81571,G Major,0.6984247077898218,
81573,C Major,0.9143657064545159,
81552,G Major,0.7816687234615529,
81575,E Major,0.8827789017305512,
81564,G# Major,0.6423850173750991,
81576,C Minor,0.44042164046633464,
81562,G# Minor,0.2797854094743169,
81578,C Minor,0.613239907888429,
81581,D Minor,0.8201865539988029,
81584,A# Minor,0.8195001133518287,
81580,G Major,0.7225398904482527,
81582,C# Minor,0.6918441388249403,
81593,C Minor,0.5067877701616856,
81596,A Major,0.8810836939766353,
81592,F Minor,0.5836847875512731,
81583,C Minor,0.8019136996999833,
81598,C Major,0.8902032138267882,
81606,G Major,0.6598716231250287,
81599,C Major,0.9744854755283339,
81603,F Major,0.8473867414730708,
81601,D Major,0.8087558829116541,
81605,F# Major,0.6812113836941177,
81608,B Major,0.9850714745089084,
81586,F Minor,0.6578139179050807,
81612,G Major,0.8881931227603198,
81600,C Major,0.9684613528724555,
81613,C Major,0.812989591123033,
81620,B Major,0.7213758964986035,
81614,D Major,0.903284689471406,
81609,C Major,0.9146777039901494,
81625,D Major,0.8834056136585398,
81629,D Major,0.8479956924393375,
81619,F# Minor,0.8837018185538017,
81633,F# Minor,0.7281960136359293,
81611,B Major,0.9259233213368576,
81635,A Minor,0.8215195059000412,
81634,C# Minor,0.9178003194393891,
81632,B Major,0.8336615842185333,
81626,E Major,0.9756698294625917,
81636,G Major,0.7706275580072632,
81643,C# Major,0.8383789161032319,
81646,G Major,0.8984996644097686,
81641,C Major,0.8360024796057833,
81650,A# Major,0.8721110506003686,
81649,F# Minor,0.8285671413491916,
81651,E Minor,0.7988804710231076,
81652,C# Minor,0.8202115830444062,
81655,C Major,0.9430800111823231,
81653,G# Minor,0.7772581000192558,
81638,C Major,0.9327949865165324,
81648,D Major,0.8213603121074857,
81656,D Major,0.8596749036294238,
81640,B Major,0.8538281163447433,
81671,G# Major,0.39182461580261907,
81661,A Minor,0.4065968266587757,
81665,C# Major,0.8108915742198215,
81658,A# Major,0.8323637576301594,
81657,B Major,0.9168205626762244,
81676,C# Major,0.8555353111362111,
81672,A# Minor,0.8911975925757107,
81675,C Major,0.9095619108650412,
81664,C# Major,0.582471875171008,
81678,C Major,0.8194712062123573,
81682,D Major,0.8103484040686235,
81690,G Minor,0.8276528627548048,
81685,A# Major,0.7115519546575182,
81688,B Minor,0.48269253484240515,
81684,D# Major,0.9834239516449917,
81680,F Major,0.8137513333850639,
81696,F Major,0.5293382304795176,
81687,G Major,0.8127636336158306,
81686,D# Minor,0.8482306567594833,
81692,D Major,0.5807915714998307,
81695,B Major,0.6493648876183304,
81694,D Major,0.9258347818387695,
81710,A Major,0.6066687330452283,
81704,G# Major,0.8120166819671976,
81711,A Major,0.7575561680156511,
81701,C Major,0.7884188107833372,
81718,F# Major,0.8741323947417493,
81697,C Major,0.8663086562341128,
81716,F Major,0.8235486950253037,
81717,D Major,0.672204628089447,
81720,E Major,0.7846417875711785,
81691,C Major,0.7542243390956527,
81719,D Minor,0.8999595046787613,
81721,A Major,0.9633152203122756,
81727,D Major,0.8425156491963146,
81723,D Minor,0.5114099322067349,
81731,E Major,0.9007327613556575,
81724,D Major,0.907769921479487,
81728,D Minor,0.9397662692349279,
81730,C Major,0.9191996161976953,
81729,B Major,0.8476104071030807,
81739,B Major,0.7640832238511844,
81732,B Major,0.8430913377396487,
81733,C Major,0.9565229431028623,
81738,D Major,0.9056477462426981,
81742,D Major,0.7848227038308101,
81744,E Minor,0.6419611911290631,
81747,E Minor,0.891484755380562,
81741,C# Minor,0.727851536199123,
81751,C# Major,0.8945223704513309,
81746,D Minor,0.7608115415700678,
81734,E Minor,0.8724104854812956,
81753,A Major,0.8423113478906256,
81745,G# Minor,0.7634079216180565,
81761,F Major,0.5222021534813833,
81752,C Major,0.9441810317771426,
81757,G Major,0.9181617643646722,
81743,B Minor,0.8519078883411727,
81755,A Minor,0.7723646728863229,
81759,A Major,0.9038826685935427,
81771,F Major,0.8482575783087395,
81769,G# Minor,0.8561224035976491,
81735,F Major,0.7778428183829617,
81768,F Major,0.9196831163042812,
81770,C Major,0.8240461685135237,
81772,C Major,0.5041396313057412,
81777,C Major,0.9501862347805603,
81773,D Minor,0.861011798596994,
81774,D Major,0.8619747560331615,
81781,B Major,0.7628140927552088,
81780,B Major,0.843077857708953,
81787,D Minor,0.7316151256609777,
81788,D Minor,0.5794107689834561,
81789,B Minor,0.7402450748546381,
81791,D Major,0.8385423365441981,
81793,E Minor,0.8263747586124528,
81786,C Major,0.917453486631707,
81792,G Major,0.9141580271384558,
81776,C Major,0.9086419778371314,
81799,B Major,0.9606564954108437,
81801,B Major,0.7817083956647489,
81782,E Major,0.9266082030303773,
81803,F Major,0.8146963612861079,
81806,C Major,0.8429954716053156,
81802,E Major,0.740354601762545,
81811,F# Major,0.8156272980309079,
81810,D Major,0.8462892099535532,
81807,A# Major,0.8490143006849715,
81813,F# Major,0.8994766536672012,
81805,F Major,0.76413632566569,
81814,C Major,0.9348299180174673,
81790,B Major,0.9482111202246496,
81821,C Major,0.9255093074437181,
81817,C# Minor,0.7599640998018432,
81804,G# Major,0.7790744659694328,
81812,A# Major,0.6133566479881934,
81819,A Minor,0.8411494941842071,
81822,B Major,0.7089083676000923,
81979,E Major,0.9329294593531346,
81815,G Major,0.8306157891796659,
81980,A Minor,0.8185318871653312,
81983,G Major,0.920959530209622,
81941,B Major,0.7132629690825076,
81981,C Major,0.5422645210112738,
81987,F# Major,0.9021713704563864,
81982,F Major,0.7978117020877697,
81831,G Minor,0.33296741608096314,
81993,C Major,0.6676363081337998,
81990,C Major,0.6526350502395839,
81830,C Minor,0.5570743538206879,
81992,B Minor,0.6678547658255666,
81988,C Major,0.9284057448252866,
81994,C Major,0.4833077000039674,
81989,G Major,0.8391529526197927,
81998,B Minor,0.43628820030478005,
82000,C# Minor,0.7300423533221945,
81833,D Major,0.77516594932746,
81985,E Major,0.8704547256899773,
82007,D Major,0.8758251741623719,
82004,A Major,0.7761127290187456,
82012,B Minor,0.9377288131481097,
82009,G# Minor,0.25774649417941026,
82008,A# Major,0.8126081852173886,
82011,A Major,0.599547258157226,
82001,A Major,0.9173335140476162,
82005,B Major,0.9039023448162262,
81996,C Minor,0.8386979422834698,
82010,G Minor,0.5239606821743358,
82066,F Major,0.8233989713843909,
82067,D Minor,0.8476464808968103,
82065,D Minor,0.7097124677548172,
82499,C Minor,0.7371114214686834,
82503,F# Minor,0.925669195705416,
82054,F Minor,0.6069617989186591,
82507,A# Major,0.8794133862100275,
82541,D# Major,0.49514298662083345,
82508,C# Minor,0.6178925182241981,
82606,A# Minor,0.8968755717587885,
82538,D Minor,0.6094223161497351,
82557,A Major,0.9000479799521027,
82070,A Minor,0.818743215088767,
82556,A Major,0.8475131387138933,
82615,G Major,0.6755643722315047,
82743,E Minor,0.7609957894954307,
82661,D Minor,0.46175139506711355,
82859,G Major,0.8169766989535935,
82668,A Major,0.6719334288054643,
82621,A Minor,0.8538063399224475,
82620,D Major,0.8583740704123448,
82862,G Minor,0.5424424097670725,
82860,D# Minor,0.786469113672926,
82861,G Minor,0.8608951629419815,
82866,A Minor,0.8761294419615518,
82858,C Major,0.6391104061917289,
82865,G Major,0.5790409863798583,
82868,G Minor,0.7653369660827786,
82869,A Minor,0.8867392967181197,
82918,D Major,0.9541812317452802,
82914,C Major,0.7558709488028502,
82916,C Major,0.8859552362783226,
82871,A Major,0.7665997252259605,
82915,D Major,0.724620902728217,
82920,E Major,0.7179544824270668,
82917,A Minor,0.7556256779617926,
82919,A Major,0.8510106348901328,
82921,A# Minor,0.6679032815602117,
83143,F Minor,0.7371959217368684,
82929,E Minor,0.819034517757155,
83151,A Minor,0.592337592388395,
83152,A# Minor,0.7224134205235848,
83153,C Minor,0.6625551081852266,
82930,A Minor,0.5222582490448759,
82933,B Minor,0.6764955198593557,
83159,G Major,0.55078984317951,
83237,G Major,0.8903706462404594,
83156,B Minor,0.7007248255211197,
83157,B Major,0.657389473718892,
83257,A# Major,0.819083864508082,
83241,C Major,0.8767733828018164,
83247,C Major,0.6663340923509504,
83238,D Major,0.537020262544165,
83254,G Major,0.7866477200044801,
83252,B Major,0.7252708845825113,
83258,E Major,0.9482325280096405,
83256,G Major,0.761172939509556,
83267,G Major,0.7379846132998917,
83260,C Major,0.637484597375505,
83262,G Major,0.7009139863456816,
83265,G Major,0.7513571377906895,
83268,C Major,0.7403485682923737,
83261,E Major,0.81403439804355,
83273,A# Major,0.7946850959481215,
83263,A Major,0.8570470186529097,
83266,F# Minor,0.7466244538376025,
83270,C# Minor,0.3862742040610289,
83271,A Major,0.6726900124521367,
83269,F Major,0.6236473363548212,
83320,A Major,0.6390756023713311,
83277,C# Minor,0.8152645989346559,
83275,E Major,0.7729340280471274,
83276,G Major,0.8364784794671001,
83279,F Major,0.9220210721335828,
83319,A# Major,0.8745795417688614,
83272,F# Major,0.8675696626409201,
83322,C Major,0.6405228417982722,
83321,E Major,0.8451465185112288,
83331,D# Minor,0.7396115683242052,
83330,A Minor,0.39567728396452445,
83340,C Major,0.7842103240708963,
83452,F# Minor,0.6238783469326914,
83451,F# Minor,0.8104573791461294,
83349,C Major,0.7923509040317144,
83351,C Minor,0.5740971314677257,
83338,D Minor,0.4425223537924429,
83346,F Minor,0.3874377737607944,
83461,D Major,0.8832899373780584,
83456,D Major,0.7538423055926268,
83454,B Minor,0.766168075554177,
83459,B Minor,0.603943008279333,
83470,B Major,0.6072039980102073,
83464,E Major,0.9021692506083341,
83462,C Major,0.6342806440587245,
83636,D Major,0.7998677850416779,
83628,F# Major,0.8256271765045674,
83634,B Major,0.7543609981183865,
83638,G Minor,0.8649283523974013,
83640,A Minor,0.6741686180556317,
83569,D Major,0.4145989626367695,
83647,G Minor,0.7931539729422443,
83643,A Minor,0.9432677764572224,
83642,G# Minor,0.718259545463684,
83646,G Major,0.8668752758132032,
83641,D Major,0.7713883168026491,
83645,B Major,0.7805206326529239,
83669,C Major,0.9110290407388866,
83644,E Major,0.8294867121383344,
83663,D Minor,0.6107467173461969,
83659,D Minor,0.7441198436762391,
83662,G Minor,0.5636917913852362,
83670,F Minor,0.7554472064576147,
83705,D# Major,0.6720413709109058,
83717,D# Minor,0.526245451728733,
83706,G# Major,0.3435047025410442,
83707,F# Major,0.46635572730455754,
83708,E Major,0.8692178493188313,
83710,G Minor,0.7450947573438014,
83715,G Major,0.7797042344560703,
83719,D# Minor,0.48487522895199364,
83724,D# Major,0.850726721952017,
83733,G Major,0.659119719644159,
83728,G Major,0.7756480279523962,
83730,G Major,0.8789677304272419,
83736,E Major,0.841719014156231,
83727,G Major,0.7321385832698388,
83735,B Major,0.848106761920827,
83729,B Major,0.9382766854176279,
83859,E Minor,0.7418652014378256,
83822,C Major,0.7191145690880345,
84021,B Major,0.6051706084344772,
83748,C Major,0.47291791254481574,
83813,A Major,0.5847268309760925,
83749,C Major,0.5924685942575209,
82660,A Major,0.6071366071054026,
84119,A Minor,0.7180326151626533,
84113,D Major,0.8424403420271989,
84121,C Major,0.7209188511164831,
84051,G Major,0.7643453073954005,
84122,D Major,0.8595316016117676,
84112,D Major,0.762475155141211,
84123,D# Major,0.9379954615851064,
84127,D# Major,0.6753900980645878,
84128,G Minor,0.5248793629721935,
84131,F Major,0.597478707922388,
84171,C Minor,0.7342778200880342,
84170,F Major,0.4504741277519026,
84125,D Major,0.8564999873928059,
84173,E Minor,0.5397847513825503,
84172,A Minor,0.7241680266138911,
84289,E Minor,0.6610611044164978,
84134,G Minor,0.8555882245933222,
84276,F# Major,0.5202593677892662,
84263,C Major,0.3177484316075253,
84470,D Minor,0.6460685175081232,
84468,B Minor,0.6588961746799223,
84554,D Major,0.8870805971385848,
84472,A Minor,0.7427098527839625,
84555,E Major,0.927886238389092,
84565,D Major,0.8304397866971954,
84553,B Minor,0.7925577994896871,
84562,G Major,0.8726390616767451,
84563,D Major,0.8536560127892612,
84559,D Major,0.8649664655767617,
84566,E Major,0.9252875547055134,
84652,C# Major,0.6686410024873672,
84657,A# Major,0.5150239311415882,
84196,F# Major,0.6694474742117849,
84654,F# Major,0.8768602523808221,
84741,A Minor,0.7947726061972311,
84736,E Minor,0.9529752976257732,
84564,D Major,0.7975223912756001,
84767,A Minor,0.47691678094211903,
84742,F Major,0.602328333273016,
84476,G Major,0.6598788055383635,
84763,G Minor,0.3993768348367813,
84774,F# Minor,0.5430577586298031,
84770,D# Major,0.9096979368105239,
84825,E Minor,0.8897039982822388,
84824,G Minor,0.49940568408011954,
84983,E Minor,0.9017348638347453,
84760,D Major,0.8854333427241136,
84985,D Major,0.849428770993735,
84986,G Major,0.830073815972621,
84984,E Minor,0.6924033793252662,
84988,D Major,0.727290109482394,
84987,E Minor,0.5158999516137702,
84990,C Major,0.9216738936682516,
85024,A Major,0.7901172707064097,
85319,A Major,0.7505446123561019,
84991,A Major,0.5591595898519426,
85320,F# Minor,0.8424140310173039,
84992,A Minor,0.7810125086567306,
84989,G Major,0.7877016401186564,
85321,F# Minor,0.7656063487434063,
85289,D Minor,0.7661416215973718,
85291,G Minor,0.7891501591640587,
85330,E Major,0.8298055695069347,
85322,E Minor,0.6099562301541742,
85325,G Minor,0.9515591648967496,
85331,G# Minor,0.6523716976548203,
85327,C Major,0.8074350310624504,
85329,D Major,0.8142572895977646,
85323,F# Minor,0.8542943262686974,
85332,G Major,0.7331376966050488,
85333,D Minor,0.5873113680833999,
85338,A Minor,0.7129778387058043,
85335,C Minor,0.7945273295138318,
85337,A Minor,0.884148596686022,
85334,F# Minor,0.7975889859757881,
85339,D Major,0.8117306205283908,
85477,F Major,0.7466474618197747,
85388,C Major,0.9563894289772139,
85424,D Major,0.9154218479607525,
85340,E Minor,0.7744032218471171,
85482,G Major,0.7145115198511491,
85483,D Major,0.9070216395492982,
85481,C# Major,0.7453624627808887,
85479,F Minor,0.8051571130784514,
85485,A Major,0.9156868153326886,
85476,F Minor,0.8236447693906969,
85480,A Minor,0.8790094393476321,
85486,G Major,0.8828124172685075,
85484,D Major,0.9619253311388535,
85487,B Major,0.8661668528880191,
85488,D# Major,0.9111606196357225,
85489,F Major,0.9196164322622576,
85490,D Major,0.903030189914105,
85491,F# Major,0.8908272538200701,
85538,D Minor,0.5972205882793823,
85597,F# Major,0.5063696167848136,
85492,F# Major,0.9063715434031573,
85595,C Minor,0.7276408993287669,
85594,D# Minor,0.7969253215894959,
85592,G Minor,0.7564181751846557,
85537,D Minor,0.7357217870492261,
85536,B Minor,0.6725837103776192,
85602,D# Major,0.8528440672792632,
85600,A# Major,0.8487249465683241,
85697,C Major,0.8025157238683724,
85599,A# Major,0.8053351934763644,
85767,F Major,0.7686903818122874,
85789,D Major,0.5989699225477705,
85768,G Minor,0.752367421051192,
85788,C Major,0.774522034252134,
85787,E Minor,0.6815652525555665,
85698,G Major,0.746183762377483,
85771,G# Minor,0.7513566257169173,
85757,G Minor,0.7258617831947312,
85777,G Minor,0.8903754332203072,
85919,D Minor,0.790746368592364,
85916,G Major,0.7527151420283178,
85921,D Minor,0.7887787125481514,
85826,F Major,0.6916648889649587,
85918,G# Major,0.8992323142389208,
85827,F Minor,0.7473069911729873,
85834,D# Major,0.31368555269622234,
85934,E Minor,0.4635872333281295,
85920,C Minor,0.8772002907758613,
85942,D Major,0.8166001966666001,
85937,B Minor,0.7272196363621642,
85940,D Major,0.8856283542687565,
85966,A Major,0.7564500274189592,
86149,G# Minor,0.8291098959699817,
86262,G Minor,0.7098098642028515,
86150,D Minor,0.9202574578890679,
86151,F Major,0.8769068443082574,
86264,C Major,0.9014595252448093,
86148,D Major,0.8563936414463794,
86265,C Major,0.8997698628776436,
86270,C Major,0.9230207729461161,
86269,C Major,0.8122479751077074,
86268,C Major,0.8600596841202659,
86266,C Major,0.7999778133371601,
86274,E Minor,0.5183926597275132,
86272,C Major,0.7983774860442097,
86273,F# Major,0.6695744591918797,
86278,C Major,0.8487088359152494,
86271,C Major,0.8878273875543671,
86420,C Major,0.41500215854258793,
86283,C# Major,0.810878066514259,
86284,D Major,0.923970953242103,
86471,G Minor,0.7156018905145914,
86281,C Major,0.9640250283404151,
86472,F Major,0.7355044532269445,
86462,A Minor,0.7474873147057534,
86476,C# Minor,0.7212660433598407,
86473,F Major,0.7896247706958528,
86285,G Major,0.6344360140767386,
86480,E Minor,0.7698805752509009,
86482,A# Major,0.7387229590347713,
86479,G Minor,0.760090664011711,
86474,B Minor,0.8402371146059714,
86484,F Minor,0.9128502780472795,
86481,C Major,0.8561007000548301,
86483,F# Major,0.9162450504449808,
86465,B Major,0.8289174834852608,
86485,G Major,0.9184022878703952,
86487,D# Major,0.8075294919422588,
86486,E Major,0.9578081533107918,
86634,A Minor,0.8059205373520825,
86561,A Major,0.8340967788248465,
86562,D Major,0.7515254237436508,
86788,C Major,0.603861229623621,
86582,C# Minor,0.6823205180367957,
86797,D# Minor,0.7392670272534979,
86678,B Major,0.5825803403850721,
86901,B Major,0.6046419404824237,
86904,C Minor,0.8950168944938321,
86795,D Major,0.8841934220312709,
87002,D Major,0.782657207127589,
87019,B Major,0.489886630996119,
86910,C Major,0.6714640509737564,
86799,E Minor,0.7354639954467931,
86980,A# Minor,0.6061769308235746,
87100,C# Major,0.706464872805205,
87099,G Minor,0.7031311953566791,
87098,B Minor,0.9414746938162553,
87107,B Minor,0.8311866896898678,
87096,F# Minor,0.617635442177821,
87123,C Major,0.8583330180392051,
87114,G Minor,0.6046670631705247,
87122,E Major,0.7500199412223787,
87103,A Major,0.8152425729063859,
87157,C Minor,0.9034188600755088,
87116,D Minor,0.5382399863822739,
87115,C Major,0.7493550425676873,
87158,D# Minor,0.5980272360423415,
87189,D Major,0.8573725563513386,
87187,E Major,0.8183428171420616,
87186,G Major,0.7940535551372041,
87159,C Minor,0.6208708110212912,
87185,E Major,0.7750379576445315,
87188,F# Major,0.762728307013329,
87191,C Major,0.9168038316609947,
87190,G Minor,0.7811204194787176,
87192,E Major,0.8803195040497676,
87193,A Minor,0.8353951816438792,
86566,B Minor,0.6899757217181024,
87194,G Major,0.7877073039112725,
87220,C Minor,0.8891753441601237,
87261,B Major,0.7789387199520031,ParameterError('width=1 must be at least 1 and at most (data.shape[-1] - 1) // 2=0')
87221,E Minor,0.8238358374247707,
87225,C Minor,0.5793157832336001,
87236,A# Minor,0.8226539917247825,
87235,G Minor,0.8052178235529306,
87237,A# Minor,0.8219142459366497,
87359,A Major,0.6103887203885664,
87258,F# Minor,0.8447732449014833,
87275,D Minor,0.782806133123567,
87260,C# Minor,0.49301851758895854,
87361,C Major,0.27800703366866175,
87372,B Major,0.9307850419562783,
87262,C# Minor,0.3693151114331052,
87407,B Major,0.9036500232387558,
87408,G# Major,0.9107011967226055,
87562,C Major,0.9108159437327609,
87547,F Major,0.8867919172140049,
87409,G# Major,0.8506373492046448,
87563,C Major,0.5401795128576442,
87568,A# Major,0.46415728789795846,
87572,A Minor,0.7695136805883893,
87794,F Major,0.7013279129661291,
87576,A Minor,0.7131441567275438,
87575,D# Minor,0.7669519313101901,
88114,C# Major,0.7307059138080477,
87798,F Minor,0.4688286644778615,
87795,A# Minor,0.5867918180335969,
87944,E Major,0.732185513963919,
87940,C Major,0.7240221756890448,
88846,E Minor,0.6642054241469251,
88856,C# Minor,0.6733362339670362,
88848,F Major,0.9060624342174809,
88433,F Major,0.705997214674405,
88854,A# Minor,0.7692247054165039,
88861,B Major,0.8887289807811072,
88860,G Major,0.7758039703260217,
88434,F Minor,0.7706809944524338,
88858,B Major,0.9199127398969172,
88864,C Minor,0.5779033147884424,
88925,C# Major,0.6067230165595028,
88926,E Major,0.5894163635453648,
88918,E Minor,0.7286615911648646,
88867,A Major,0.8576035589011445,
88868,E Major,0.8895030300660907,
88812,C Minor,0.7109612270971145,
89028,F# Major,0.5310320089184465,
89032,F Minor,0.5163572946734066,
89035,G# Minor,0.7378129640596947,
89034,A# Major,0.7966431164101435,
89029,C# Minor,0.8659686372698719,
87374,A Major,0.7893755968710402,
89218,G Major,0.7688203052476544,
89188,C Major,0.6728509472767246,
89225,A Minor,0.6986696741629519,
89223,A Minor,0.850984883484948,
89217,C Major,0.5545068021342054,
89197,G Major,0.4650496038056397,
89239,A Minor,0.8113951223101773,
89201,D# Minor,0.36388699443131894,
89241,C Major,0.8582381956894326,
89211,C# Minor,0.2837299889275457,
89231,C Major,0.7218992935578744,
89246,D Minor,0.7054173232594657,
89297,C Major,0.9051366993024078,
89292,F# Major,0.8894095980840133,
89244,B Minor,0.6578975228260697,
89298,G# Major,0.8638352905762365,
89262,A Minor,0.8190064181956962,
89300,F# Major,0.8510453757548012,
89306,F# Major,0.9221332000205079,
89302,C Major,0.8381583557098702,
89309,D Minor,0.6566616723992706,
89301,F Major,0.9390898341201833,
89308,E Major,0.935845718668551,
89310,G Major,0.8666228803734632,
89314,G Major,0.8367818132191475,
89255,C Major,0.5971274657448958,
89312,E Major,0.9018314022134231,
89316,F# Major,0.879409616317446,
89429,C Major,0.5195188305366327,
89477,A Major,0.6270371674131948,
89440,C# Minor,0.5632348380671494,
89663,A Major,0.4705491912823824,
89441,C Major,0.8173610937175814,
89433,A Minor,0.8111306088828983,
89619,D Major,0.6866727452722708,
89796,G Major,0.8678084828481039,
89665,B Minor,0.7615159363302162,
89702,F Major,0.8388300598119658,
89344,D Major,0.8281448957562593,
89818,A Minor,0.7729661790357124,
89758,C Major,0.6554370184872633,
89863,E Major,0.5758152516876934,
90047,B Major,0.7888272079648266,
89876,A Minor,0.3998148693141049,
89867,F Major,0.7513173569464627,
89795,E Major,0.7969397285378221,
89887,G Major,0.8165581749946433,
90406,G# Minor,0.7222580467307606,
89888,G Major,0.8165581749946433,
87373,D Major,0.7730001252669106,
90068,A Major,0.7922587329357008,
90048,C# Minor,0.8166780101663336,
90451,E Major,0.8373768735069299,
90504,C Major,0.9013725006517014,
90411,B Major,0.7039738710583244,
90524,A Major,0.598198381375715,
90070,D Major,0.8696874431764222,
90530,C# Major,0.7040819707889426,
90444,A Minor,0.742053368239032,
90616,E Major,0.7688035647853299,
90523,G Major,0.8260817683082843,
90618,D# Major,0.8829587033648547,
90600,E Major,0.9001155107837316,
90606,F Minor,0.3709851422865099,
90604,A Minor,0.5544526531260507,
90649,B Minor,0.70320191074296,
90593,E Minor,0.7434346988296877,
90690,F Major,0.7697297003803448,
90691,B Minor,0.5072733851409178,
90693,F Minor,0.5548369842787798,
90746,G Minor,0.7572496684287371,
90807,F Major,0.7282214153537663,
90787,A Minor,0.32102382076945757,
90692,A# Minor,0.8690285369829384,
90744,C Major,0.772486348392203,
90755,D# Major,0.9247019924766313,
90750,A Minor,0.9232162284116879,
90808,E Minor,0.8060222227882328,
90809,A Minor,0.8659680670328571,
90829,D Major,0.8670538016504815,
90831,D Major,0.7522629610817692,
90918,E Major,0.9101171840241614,
90923,G Major,0.739794538177145,
90921,C# Minor,0.8633394511030249,
90920,D Major,0.7628132577433199,
90927,F Minor,0.6311978828867731,
90974,C Major,0.9011811875681116,
90972,G# Major,0.6384659604513525,
91004,B Minor,0.7037729851722032,
90973,D Major,0.9309910028562083,
90975,D Major,0.714080429743521,
91049,D Major,0.8343226205713173,
91062,G Major,0.802761194765647,
91099,E Minor,0.8797173344946857,
91083,C Minor,0.6299313084504864,
91126,F Minor,0.5608133089703475,
91165,F# Minor,0.7842940933413061,
91089,C Minor,0.7675482473987347,
91134,A# Minor,0.8621547373556611,
91082,C Minor,0.6473410053495392,
90961,A# Major,0.8008595179204429,
91170,F# Major,0.7128551800623177,
91262,E Minor,0.8215930854933738,
91175,C# Minor,0.5033509446554806,
91172,C# Minor,0.8180918017509267,
91171,G Minor,0.7454094346311936,
91263,G Minor,0.6556268946988006,
91264,F Major,0.6736247213381092,
91205,C Major,0.7666866334518048,
91168,A Minor,0.8081740379004978,
91176,C Minor,0.904804296883393,
91272,F Major,0.813883401146297,
91265,D# Major,0.7346849628618216,
91280,F# Major,0.6943172778430271,
91268,E Minor,0.8107440560174981,
91281,D Minor,0.7703521630856642,
91277,A Minor,0.600630433829532,
91371,G# Minor,0.7838096508125928,
91370,B Major,0.8004613262218885,
91373,G Major,0.8945682432300273,
91380,F# Minor,0.7984208094307289,
91368,C# Major,0.6658773981401608,
91381,E Major,0.9376130986740847,
91375,B Major,0.9449486318890491,
91374,A Minor,0.8401310990164845,
91383,C# Major,0.8297430683069844,
91382,E Major,0.8019298044886948,
91359,F Major,0.7991824990828058,
91384,C Major,0.8793344609434433,
91386,C Major,0.75296401925545,
91389,G# Major,0.735522833800226,
91388,F# Minor,0.794790556272085,
91390,A Major,0.9060236746056766,
91395,F# Minor,0.6332437914620191,
91436,A Minor,0.6493455068612152,
91457,G Major,0.6691005917040183,
91391,A Minor,0.8608411381835955,
91394,C# Minor,0.825447031884987,
91398,D# Major,0.8703978820060662,
91393,F# Major,0.7999352264836554,
91440,E Minor,0.5409005273230961,
91477,E Minor,0.8700225504415694,
91472,B Major,0.8403712346178833,
91476,E Minor,0.7943035920637835,
91473,F# Major,0.6545791844968288,
91482,E Major,0.870189546007861,
91474,B Major,0.9181544515041983,
91479,E Minor,0.7971527317109878,
91598,G Minor,0.7455826479435587,
91480,B Minor,0.8034781594353615,
91601,A Major,0.909185710066558,
91483,B Minor,0.7069654247041284,
91711,D Minor,0.4532860067544037,
91709,C Major,0.6210509191977429,
91600,G Major,0.8854774864676414,
91494,F# Minor,0.9237223218331152,
91714,A Minor,0.6447568560029227,
91713,E Major,0.9537000141318192,
91724,D Major,0.7683671455127479,
91716,B Minor,0.6737050764083298,
91574,B Minor,0.8546693518316434,
91725,E Major,0.7655674475072739,
91717,B Minor,0.47045198059218607,
91728,F Major,0.6716479497910189,
91731,G Major,0.7701885252196244,
91726,G Major,0.8361462761563084,
91575,F# Minor,0.8156622593202568,
91736,F Major,0.6597575384313011,
91734,E Minor,0.787752630340288,
91738,B Major,0.5037945452413434,
91733,E Major,0.792094021177553,
91823,F# Major,0.8675833281311138,
91824,A Major,0.7808834668432768,
91828,G Major,0.9075798244187578,
91826,D Major,0.7608310295466318,
91732,G Minor,0.8680580514200253,
91739,F Minor,0.5592640971194301,
91830,A Major,0.9504580649824141,
91891,E Minor,0.8461603438722363,
91850,D Minor,0.948398083086499,
91851,D Minor,0.9698836116010505,
91849,A Minor,0.860710402307147,
91968,C Major,0.7155023924328766,
91840,E Minor,0.465121468521411,
92023,E Major,0.799388015828265,
91886,A Minor,0.7347112230186589,
91844,F Minor,0.7667907454968043,
92025,B Major,0.7192375160403033,
92026,D Major,0.7961057899483873,
91969,G Major,0.9020403210304201,
92027,B Minor,0.5644536818870215,
91965,C Major,0.7384396725750212,
92028,E Minor,0.6344166970684958,
92031,E Major,0.8087405677760113,
92033,D Major,0.8076120570811964,
92032,D Major,0.7463692080728538,
92150,D# Major,0.9250241860834639,
92153,D# Major,0.9241248685859643,
92151,G Major,0.6687775626404691,
92152,G Major,0.8743072156674272,
92157,E Major,0.9600153673439992,
92155,G Minor,0.8585944173174068,
92154,G Major,0.8471574466658159,
92160,C Major,0.9258059187458965,
92158,C# Major,0.8927925565528574,
92156,D Major,0.8291845335531199,
92159,C Major,0.6838276445061903,
92178,F# Minor,0.8514712610739572,
92161,E Major,0.8792145600094754,
92162,A Major,0.8288231804883097,
92179,F Major,0.9338366787939397,
92176,D Minor,0.8414740764185862,
92177,D Major,0.8619800033985129,
92181,E Minor,0.7358609367938974,
92180,G Major,0.8792807652346221,
92182,G Major,0.7709078140200857,
92184,A# Major,0.8290434427850424,
92185,A Minor,0.7759952316701427,
92187,G Major,0.9461411858125899,
92183,G Major,0.9510813550347295,
92381,B Major,0.8755695201393162,
92380,F Major,0.9411380204484209,
92375,F# Minor,0.7097450947430536,
92379,G# Minor,0.7446333961450251,
92401,D# Minor,0.5753314986737779,
92397,E Minor,0.7817406332652197,
92423,G Minor,0.843038354723478,
92517,A Minor,0.714936304709999,
92463,C Major,0.8032079298349984,
92598,F Minor,0.7534206998048654,
92720,C# Minor,0.8833910695323689,
92719,G# Major,0.9548264996354473,
92721,F Major,0.9431609178724365,
92723,E Minor,0.7588814489793675,
92722,C# Minor,0.896347464672304,
92596,G Minor,0.6703117181422296,
92727,F Major,0.8909251970664634,
92725,C Major,0.6916733007403244,
92728,D# Minor,0.7328853969058061,
92597,F# Major,0.8780290856473287,
92761,E Minor,0.2842523865983716,
92726,D# Major,0.8916549624381565,
92759,B Major,0.3112228775757473,
92947,C Minor,0.6272623648683759,
92867,F Minor,0.7036576413214437,
92950,C Major,0.815312608726642,
92765,B Minor,0.39148214446254065,
92949,C Major,0.8145271074385086,
92762,G Minor,0.5231037413173841,
93024,A Major,0.4559999809455706,
92952,A# Major,0.5564754765691501,
92955,G Minor,0.9247737131200632,
93053,D Major,0.7609136539340251,
93055,E Minor,0.5251159373833513,
93056,B Major,0.5553325778390155,
93032,F# Minor,0.9156565083806104,
92954,C Minor,0.680620207723333,
93057,B Major,0.5798953793997701,
93058,A Major,0.7938888796566368,
92824,G Minor,0.9300368895597951,
93361,D Major,0.6554741463744587,
93074,A Minor,0.9065702631742051,
93360,C Major,0.752550324152953,
93362,F Major,0.6730274059303448,
93364,C Major,0.736953478156102,
93351,A Minor,0.8373156674790855,
93363,F Major,0.7300693899243023,
92325,E Minor,0.5817209828738924,
93798,G Major,0.8367818132191475,
93807,G Major,0.8666228803734632,
93801,C Major,0.9051366993024078,
93810,F# Major,0.9221332000205079,
93716,E Major,0.8264524479929369,
93370,D Minor,0.4755729195757095,
93558,F# Major,0.860450393394518,
93811,F# Major,0.8894095980840133,
93821,E Major,0.935845718668551,
93815,G# Major,0.8638352905762365,
93818,F Major,0.9390898341201833,
93823,F# Major,0.8510453757548012,
93863,A Minor,0.6170601953220035,
93860,F Major,0.620649590593366,
93822,F# Major,0.879409616317446,
93825,D Minor,0.6566616723992706,
93867,B Major,0.7554965350071846,
93934,F Minor,0.8302100345902106,
93824,C Major,0.8381583557098702,
93930,F# Minor,0.8667919229627841,
93937,C Major,0.8906542926214778,
93932,D Major,0.8719327824000314,
93868,D Major,0.776162786252932,
93936,A Minor,0.5514834002191175,
93950,A Minor,0.647041089064223,
93959,B Minor,0.7108042802128075,
94174,E Minor,0.6471284870630377,
93953,A Major,0.778709508256967,
93951,A Major,0.834898815973608,
94126,E Major,0.6712059981281687,
94175,C# Minor,0.6537936252543431,
94136,F# Minor,0.9216763941401193,
94177,F Major,0.5659747491869956,
93986,E Major,0.7148796536955235,
94178,E Minor,0.3752117819617112,
93960,D Major,0.7032690784264629,
93952,E Minor,0.8537215926838826,
94198,C Major,0.538344399914853,
94207,D Major,0.9136253630374885,
94210,A# Major,0.8843879717146966,
94204,F Major,0.8851621985742593,
94206,B Minor,0.8529936046680349,
94205,D Major,0.8081830979367765,
94212,C Major,0.8840160061331905,
94209,A Major,0.9880309331635497,
94241,C Minor,0.6108298877199663,
94357,F Minor,0.7018121387261921,
94211,D# Major,0.9274822434821232,
94331,A Minor,0.7199273561501701,
94416,B Major,0.6779814567325108,
94433,G Major,0.7363534562874479,
94436,G Minor,0.6140877729494828,
94437,C Major,0.7622413793858512,
94441,G Minor,0.8206043272437467,
94438,D Major,0.7378694380149684,
94434,D Major,0.714080429743521,
94419,E Minor,0.9606205359270048,
94439,A Minor,0.8463899287931346,
94424,C Major,0.7859869396882093,
94619,C Major,0.7829083642707285,
94625,C Major,0.7538115741040705,
94417,A Minor,0.5900932765787533,
94442,G Major,0.7956993069204134,
94444,E Minor,0.902159795504794,
94788,C Minor,0.789278326217782,
94789,C Minor,0.4073103800023535,
94652,F# Minor,0.922205855724574,
94723,B Major,0.7674496849855064,
94790,C Major,0.6382124649506269,
94793,C Major,0.7106234238978718,
94721,C Major,0.5522953967418974,
94564,E Major,0.7797519420240072,
94795,C Minor,0.6518527813983939,
94802,A Minor,0.233207654031385,
94720,G Minor,0.533874607038134,
94799,C Major,0.8725293409032059,
94724,G Minor,0.30297425244486853,
94794,C Major,0.5025290237856833,
95604,G Major,0.29560824527391216,
95507,D Major,0.8678666147866074,
95409,D Minor,0.7979864126907611,
95407,D# Minor,0.7191536565252238,
95605,D# Minor,0.6436900536303197,
95603,A Minor,0.5004480236181039,
95602,F Minor,0.6445259377008707,
95667,C Major,0.6924532630627728,
95503,D Major,0.9539574999119799,
95668,A Minor,0.6832996226404658,
95669,C Major,0.6386178220742442,
95606,E Minor,0.8046621257649202,
95665,A Minor,0.7414506599276408,
95664,D Minor,0.7715117409407994,
95670,D# Major,0.5733784240640049,
95724,F# Major,0.9406153389330566,
95726,B Major,0.9442044502103819,
95671,C Major,0.7227698172648607,
95767,D Major,0.8868770677067364,
95766,D Major,0.9177024449200578,
95756,G Minor,0.3311492837012034,
95773,B Major,0.8629237787389707,
95769,D Major,0.8953185974636261,
95770,F# Major,0.923006346352298,
95771,E Major,0.883322311472359,
95777,E Major,0.8775599340958383,
95781,G Major,0.9049439876379425,
95778,F Major,0.8927549088655312,
95780,E Major,0.9151300866116369,
95784,D Minor,0.7414209141702307,
95782,A Major,0.7624298147359934,
95783,A# Major,0.9238151045868214,
95810,C# Major,0.7389407397948816,
95786,G Minor,0.4582835873653799,
95805,A Minor,0.8722996498911442,
95785,A Major,0.9249308020129702,
95807,C Major,0.7737742171428592,
95820,A# Major,0.47134061386162024,
95823,B Major,0.7247911146875451,
95819,G Minor,0.84925294901041,
95821,G Minor,0.5425413636264499,
95813,E Minor,0.3655854254828032,
95822,C Major,0.7220567276946395,
95808,A Major,0.8634302183806639,
95835,F# Minor,0.31785158050792733,
95848,A# Minor,0.20830738924089273,
95846,C# Minor,0.5843970891191489,
95893,G Minor,0.6544133061570309,
95849,F# Major,0.34752443153423934,
96100,C Major,0.7349919429751445,
95908,F Minor,0.5245479029147224,
95897,G# Major,0.60512703280082,
95875,F Minor,0.8463102652206274,
96056,F Minor,0.9048745296399704,
95911,G# Major,0.2995729028883931,
96431,A Major,0.8595729955487525,
95917,F Major,0.6849265641678439,
96432,E Major,0.8942332932777475,
96147,G Major,0.8630616288483058,
96435,A Major,0.6155317555696577,
96795,F# Major,0.6332263130711843,
96790,B Major,0.8424292880732291,
96792,E Major,0.9387542133847728,
97000,A# Minor,0.2910256554277535,
97001,D# Minor,0.6495891965040096,
96797,D Major,0.823760126039208,
96946,A Minor,0.8210819616528955,
96944,D Minor,0.820425071546494,
97007,C Major,0.6403692146541684,
97034,B Minor,0.6964323181504048,
97039,G Major,0.47684932472141334,
96796,B Major,0.9372320246421715,
97043,D Major,0.5944161225581536,
97013,D Major,0.8897589703468644,
97146,G# Major,0.7727344103512921,
97036,C Major,0.8083157652237312,
97170,C Major,0.8305606985001229,
97164,G Minor,0.6725076664900633,
97147,C Major,0.9247226587330181,
97174,E Minor,0.8179706519381184,
97171,F# Minor,0.3574825865212784,
97173,F# Minor,0.5571344777897277,
97172,A# Minor,0.7072228745797902,
97154,C# Major,0.870683692122801,
97166,G Major,0.556720594790999,
97179,B Major,0.827245022718824,
97192,G Minor,0.7294721510344574,
97167,C Minor,0.7573736793187473,
97190,D# Minor,0.5172907172917532,
97244,B Minor,0.40126507909999853,
97247,A Minor,0.6835519785555348,
97255,C Minor,0.5928590089969015,
97285,E Major,0.7940121765280469,
97246,C Major,0.5845253246275822,
97288,A# Major,0.5991796033389856,
97292,E Minor,0.5710314713126781,
97291,G Major,0.7882986953387282,
97404,B Minor,0.6922030434332804,
97294,D Minor,0.6632974182071226,
97259,A Minor,0.4063308179093627,
97402,E Minor,0.47281883723263546,
97401,C Major,0.6269774681631484,
97400,E Minor,0.7944375191391795,
97408,D Major,0.5593050585329256,
97409,B Minor,0.8474842326683181,
97412,D Minor,0.8087658108860691,
97524,F Minor,0.7000710248992038,
97522,G# Minor,0.8187703625242694,
97525,G Major,0.8737725417492184,
97520,F Minor,0.9608584898045285,
97414,A Major,0.8589496039590553,
97526,F Minor,0.764239729501677,
97589,B Major,0.8368723816281036,
97603,A# Major,0.7538781214021657,
97574,F# Major,0.5995967638577336,
97578,C Major,0.7512085667158265,
97532,A Minor,0.7270862741870068,
97534,A Major,0.4493779664693213,
97609,F Major,0.627955316438563,
97602,G# Minor,0.2882512347489507,
97685,E Minor,0.6618535023862455,
97800,E Minor,0.838645517628599,
97818,A Major,0.6151425894795907,
95631,C# Major,0.8268611926576421,
97681,G# Minor,0.5592851277067633,
97687,C# Minor,0.8223507104895532,
97808,A Minor,0.7248648889654543,
97806,A Minor,0.6127176560865938,
97823,A Major,0.6892417796237538,
97797,D Minor,0.736653622431121,
97896,C Major,0.8679803276885808,
97891,C Major,0.8378940039291777,
97959,A Minor,0.38530463749641486,
97826,E Minor,0.7127213450621992,
97961,F Minor,0.7786348705744033,
97960,F Major,0.7932946592504938,
97958,A# Major,0.8214512991199092,
98077,C Major,0.707773867812152,
97882,G Minor,0.8697683917970134,
98202,F Major,0.45068598146955025,
98204,E Major,0.6582605139062808,
98221,D# Major,0.9020171253788987,
98225,C Major,0.7197373536646239,
98206,A Minor,0.2461249574260792,
98357,D Minor,0.7605236361530688,
98361,F Major,0.8372717631035024,
98362,D# Major,0.6461989646487625,
98323,D Minor,0.8049119797449796,
98358,G# Major,0.7606061762115647,
98226,E Major,0.5494974255135582,
98369,A Major,0.7927224048505156,
98372,D# Major,0.38501137755544806,
98482,E Minor,0.6347215645854714,
98487,E Minor,0.5487158614469924,
98484,G Major,0.8492211439096492,
98489,C Major,0.7883916165628667,
98381,B Major,0.6819131169318117,
98490,C Major,0.5910142313624838,
98486,A Minor,0.3632873466656227,
98488,A# Major,0.78537429472281,
98553,D Minor,0.6727757032482136,
98551,D Major,0.48990729486511503,
98491,A Minor,0.7249620904873745,
98567,F# Minor,0.674243777412164,
98556,G Minor,0.5260940222182681,
98547,E Major,0.8082266426448559,
98569,G Minor,0.3656906321303787,
98549,A# Major,0.7807296583188004,
98548,A# Major,0.6666439877962157,
98552,C# Major,0.5146329404569393,
98605,G Major,0.8940665122162679,
98604,A Major,0.8853081474530202,
98606,D Major,0.8708844697057816,
98609,F Major,0.8688034287209484,
98603,D Major,0.8972217031036396,
98608,B Major,0.8977586667532916,
98610,A Major,0.812639135650837,
98611,F Major,0.9108764156564382,
98612,D Major,0.8778123303473839,
98615,D Major,0.5944161225581536,
98616,A Minor,0.7717244039292518,
98613,C Major,0.6418798149836527,
98618,D Minor,0.7313351919024269,
98617,E Minor,0.7817672963960893,
98619,E Minor,0.7648042637612887,
98621,C Minor,0.7716824473270597,
98620,D Minor,0.781196458355257,
98622,E Minor,0.8822325500080562,
98624,A Minor,0.771483704200814,
98702,A# Major,0.8050347880000327,
98754,F Major,0.9229181252371128,
98623,E Minor,0.7946839914703898,
98625,A Minor,0.8217459901212399,
98626,E Major,0.6068551814868699,
98756,G Minor,0.7441023123372119,
98764,C Minor,0.905405008098852,
98760,A Major,0.5974635178558421,
98761,C# Major,0.9344673306825478,
98771,G Minor,0.9087167211758315,
98765,A# Minor,0.8834862246362217,
98627,D Major,0.8380102578030412,
98766,D Minor,0.815253542953679,
98837,E Minor,0.6123852632882373,
98838,F Minor,0.5490118360623529,
98840,F Minor,0.5978041161424565,
98854,B Minor,0.7477183523126453,
98841,F Minor,0.6334274618617213,
98809,F# Minor,0.5725371584443147,
98856,G Major,0.6357796101846886,
98855,C# Major,0.725541977621354,
98857,F Minor,0.40189330261197154,
98859,E Major,0.7485175328829685,
98864,C Minor,0.6620324913373349,
98860,G# Minor,0.41801427548478143,
98863,G Minor,0.4166169639393571,
98861,C# Major,0.511278784825239,
98869,D Minor,0.5237576353788025,
98867,G Minor,0.611922667689106,
98873,G Minor,0.24407516933939466,
98872,D# Minor,0.8459623368009944,
98874,C# Major,0.5770047425367635,
98865,G Minor,0.3671008298942497,
98876,E Minor,0.8417913825843167,
98880,D# Minor,0.5850713894254543,
98906,E Major,0.7655058761900866,
98911,A# Minor,0.8562580804014084,
98877,E Minor,0.8075209479463459,
98878,D# Minor,0.88127314961423,
98879,C# Major,0.3676137052939913,
98884,E Minor,0.7203214320784314,
98912,A# Minor,0.6662164913434051,
98919,B Minor,0.8161605291648972,
98890,C Minor,0.5109025920302551,
98915,C Minor,0.33564284127188143,
98907,D# Minor,0.6895424578529991,
98916,E Major,0.6010382390505179,
98923,A Minor,0.6178225958471159,
98921,F Major,0.7394199903615156,
98932,C Minor,0.4976147536962304,
98922,D Minor,0.607036676096663,
98938,C# Minor,0.7725698273060653,
98931,D# Minor,0.6712320655295535,
98942,A Minor,0.5783748146673361,
98929,G# Minor,0.6803171166603378,
98891,E Minor,0.6963936763520391,
98926,D# Major,0.693392509056483,
98935,G# Minor,0.8744937976974007,
98950,G Major,0.7362784480103836,
98933,G# Minor,0.8498207768609987,
98949,D# Minor,0.4008072380037413,
98943,D# Minor,0.6675873776617063,
98947,C Major,0.6148059898255552,
98948,D Minor,0.6832848493566953,
98945,F# Major,0.7346014067221558,
98953,A# Minor,0.4363243685397901,
98952,D Minor,0.435266181311876,
98970,D# Minor,0.6373809082293272,
98976,C# Major,0.6775458854421439,
98988,F# Minor,0.23855965142716418,
98995,C# Minor,0.8016142273667248,
98985,A# Minor,0.6492348832474444,
98987,F Major,0.7344288207630262,
98991,F# Major,0.783208548066865,
98993,E Minor,0.7203214320784314,
98998,E Minor,0.2634763054090877,
99002,D# Major,0.7000128897772395,
99007,D Minor,0.8001358108579623,
99012,E Minor,0.6999640540054369,
99010,C Minor,0.7114083006320064,
99000,E Minor,0.6963936763520391,
99015,D# Major,0.4547733673734179,
99016,E Minor,0.8417913825843167,
99018,D# Minor,0.88127314961423,
99020,D# Minor,0.5850713894254543,
99019,C# Major,0.3676137052939913,
99017,E Minor,0.8075209479463459,
99021,B Minor,0.7477183523126453,
99031,C Minor,0.6620324913373349,
99024,F Minor,0.40189330261197154,
99022,C# Major,0.725541977621354,
99026,E Major,0.7485175328829685,
99023,G Major,0.6357796101846886,
99030,G Minor,0.4166169639393571,
99027,G# Minor,0.41801427548478143,
99028,C# Major,0.511278784825239,
99034,G Minor,0.611922667689106,
99036,D Minor,0.5237576353788025,
99041,C# Major,0.5770047425367635,
99040,G Minor,0.24407516933939466,
99035,C# Major,0.4741454472833324,
99039,D# Minor,0.8459623368009944,
99033,E Minor,0.6913354344859977,
99050,A Minor,0.6910836991097662,
99032,G Minor,0.3671008298942497,
99051,A Minor,0.5314699892539874,
99052,B Minor,0.8325602849491388,
99053,F Major,0.8530085641646713,
99049,C Major,0.8083157652237312,
99055,D# Major,0.7035993984481819,
99288,C Major,0.8326860714037917,
99279,F# Minor,0.49817721825488365,
99281,B Minor,0.8990964744727408,
99286,A Minor,0.8072306268827498,
99283,A Minor,0.8140345983799557,
99284,A Minor,0.7438829508667101,
99302,G Major,0.7632086186328265,
99300,D Minor,0.7955414208731405,
99489,A Minor,0.8459049692716623,
99305,E Minor,0.4891080128065712,
99486,C# Minor,0.7837886018867395,
99488,A# Minor,0.8662779293059953,
99491,C# Minor,0.8698875760480707,
99520,A# Major,0.5659403321176685,
99492,A Minor,0.7845179462059468,
99309,D# Minor,0.7752529949917734,
99311,E Minor,0.6612676858975406,
99522,A# Minor,0.5453278283349766,
99521,F Minor,0.6166199825668762,
99494,A Minor,0.895764835704703,
99312,D# Minor,0.41962853548511975,
99519,A Minor,0.4122708844972703,
99565,B Minor,0.9232714471186007,
99570,A Major,0.9286799945750454,
99567,G Major,0.7658555037670444,
99524,F Major,0.5829968801488027,
99566,D Major,0.9332517052062267,
99569,B Minor,0.9533431938946281,
99620,A Minor,0.4447493215335402,
100524,F# Minor,0.5190823048985383,
100529,C Minor,0.3337972288087941,
100523,C Minor,0.8200130497566184,
99614,D Minor,0.6558807255055323,
100539,C Major,0.7236249309399084,
100530,C Minor,0.670967715939664,
99615,G Minor,0.8153996315582237,
100696,D Major,0.8942402580453959,
100697,F Major,0.9217653671805878,
99616,E Minor,0.7251877495212012,
99617,D Minor,0.6876721024987029,
100701,C Major,0.9136520245471055,
100698,E Major,0.9188316020055404,
100704,A Major,0.8604234252132694,
100709,G Major,0.8690050020230392,
100768,C Major,0.944361914381906,
100717,C Major,0.906848870600418,
100769,C Minor,0.865897526918511,
100715,G Major,0.8636648929362551,
100711,D Major,0.888010893281983,
100774,G Major,0.8177263887096526,
100778,A Minor,0.8722295059657167,
100719,C# Major,0.8866073663821954,
100770,A Major,0.8491763018983511,
100771,D Major,0.9405153309573714,
100775,B Major,0.9122537989189708,
100783,C Major,0.8554081175296124,
100784,B Major,0.8540602905445512,
100788,D Major,0.9331167053722768,
100776,C Major,0.9423816692643693,
100787,F Major,0.8326579611298384,
100527,G Minor,0.7544325453672353,
100790,B Major,0.9187695025818189,
100786,F# Minor,0.7973572679225435,
100779,E Minor,0.8164922896143746,
100835,G Major,0.5890529988796024,
100791,E Major,0.8808880434402725,
100848,E Major,0.7161682596905771,
100843,A Major,0.5668687326780045,
100860,C Major,0.9540281648701588,
100862,E Major,0.9058108783958876,
100853,F Major,0.8613091539442608,
100857,A Major,0.8305075099339636,
100856,A Major,0.8563692422312462,
100865,C Major,0.939707527163892,
100866,C# Minor,0.8117607942468524,
100844,A Major,0.8848103216092268,
100876,D Major,0.9146177893745124,
101265,A Minor,0.7757206573590288,
101272,E Minor,0.8404628703574842,
101275,F# Major,0.7784103484626239,
101266,D Major,0.8394920802777532,
100868,A Major,0.7288063442325746,
101277,A# Minor,0.7584195259853724,
101269,A Minor,0.8831230519179666,
100882,F Major,0.7403237278389643,
100863,A Major,0.7929675421883023,
101278,A Major,0.9021217047155473,
101271,B Minor,0.679487933925876,
101276,G Major,0.8834780086340587,
101078,D Major,0.7552174369575803,
101394,A Minor,0.5052307612562841,
101507,A Major,0.8510561941260872,
101442,G Minor,0.3046720512344734,
101451,A Minor,0.5259500973479014,
101505,D# Major,0.9055690746685401,
101618,F Minor,0.7340591548806208,
101479,C Major,0.8442383689984445,
101443,E Major,0.7013741400781784,
101715,F# Major,0.8159907194078545,
101483,C Major,0.8487679165756404,
101731,G Major,0.5984895627918918,
101740,E Minor,0.7067546130450448,
101738,F Major,0.4664215919580455,
101733,E Minor,0.7742262761166406,
101734,A Minor,0.35073626019455495,
102115,G Major,0.700400525824762,
101743,A# Major,0.7912851047715702,
102116,B Minor,0.6185100532866329,
102117,A# Minor,0.813433167910424,
102119,E Minor,0.51902855366418,
102153,A Minor,0.4406556236961988,
102154,E Major,0.814298412923282,
102118,E Major,0.7134542806385397,
101615,E Minor,0.9331514354244667,
102157,A Minor,0.7416990724321683,
102159,C# Minor,0.6242996819342906,
102158,G# Major,0.9149818667635449,
102160,A Minor,0.5652283730866441,
102168,D# Minor,0.6691259232166905,
102165,C Minor,0.8219241758749817,
102177,F# Major,0.8159907194078545,
102163,F# Minor,0.8209504051342064,
102172,E Major,0.8078738092939832,
102170,A Minor,0.8600493304403289,
102265,C# Minor,0.7566866418307209,
102167,A Minor,0.9015710997429968,
102184,F Minor,0.8753898837127446,
102266,G# Major,0.8298528140339316,
102273,C Major,0.6922879068457949,
102204,F Major,0.4509381104059213,
102274,A Minor,0.925606823120858,
102268,A Minor,0.9004311099935073,
102210,C Major,0.7395596151767154,
102271,B Major,0.8309742676450325,
102270,B Minor,0.7153742037223584,
102275,B Minor,0.9030926822930979,
102305,D Minor,0.6715656761992151,
102342,D Major,0.93890381393548,
102353,C Major,0.9644357215858889,
102345,F# Major,0.6792979283256131,
103556,D Major,0.7200185727979496,
103518,C Major,0.9383203599708932,
102343,C Major,0.8687726895661799,
102278,D Minor,0.6867151570449904,
103520,G Major,0.9651164998531493,
103519,D Major,0.9060223716012793,
103555,G Major,0.7056555774799551,
103561,C Minor,0.7708499165559093,
103596,F# Major,0.8852907314603405,
103595,A# Major,0.6460827228269798,
103557,G Minor,0.33998603519615095,
103621,E Minor,0.396185155353442,
103819,C Minor,0.8257332432761058,
103602,F# Minor,0.4262408303868678,
103818,A Minor,0.6783023960193145,
103597,E Major,0.8557116846446406,
103739,C Major,0.8542436261872466,
103605,C Minor,0.617266004892336,
103598,C# Major,0.8293375798718393,
103624,A Minor,0.49865032486459665,
103820,D Minor,0.6222862214692926,
103828,F Minor,0.7781480988599745,
103830,D Major,0.6385549632980854,
103821,C Minor,0.7379955372830437,
104182,A# Minor,0.733797834050777,
104183,C# Minor,0.726907559402009,
103831,G# Minor,0.7747433751716695,
104181,C Minor,0.8597868062097164,
103829,G Minor,0.7720871142990315,
104252,F Major,0.3312382408213957,
104253,F Minor,0.36848851380226605,
104184,B Major,0.9019370718741546,
104187,A# Minor,0.8538353329705933,
104249,C# Major,0.4732851806282022,
104185,F# Minor,0.8175616658152364,
104282,C Minor,0.6963989740983546,
104286,A# Major,0.8827785257888668,
104287,F Minor,0.6728368391375126,
104284,A Major,0.7674697606116836,
104294,A Major,0.877807829419686,
104289,F Minor,0.8268740595176344,
104290,G# Major,0.8507764914257799,
104293,F Minor,0.695834015300584,
104384,D Major,0.4844010719165953,
104295,A Major,0.9163432281771712,
104386,E Major,0.8366289395189066,
104385,G Major,0.7784181978232205,
104392,A Minor,0.5700924305333253,
104352,D Major,0.8815851227721507,
104591,G Major,0.7192002726017711,
104585,F# Minor,0.6305730521002466,
104586,C# Major,0.42824860012947696,
104593,D# Minor,0.68069859070051,
104579,A# Major,0.7310520929322035,
104580,F# Major,0.7451452007673188,
104598,B Minor,0.7515842072964658,
104596,A Minor,0.3956798555517379,
104594,B Major,0.8392904728800777,
104592,E Major,0.8063264840558152,
104648,G Major,0.9606182288820851,
104737,E Major,0.36991408066153225,
104683,D Major,0.8934643153850307,
104680,A Major,0.7661070367472146,
104600,A Major,0.8083799455305416,
104738,F Minor,0.28991502680458364,
104690,D Minor,0.7680011418818351,
104753,C# Major,0.7540276120443398,
104750,F Minor,0.6965935189389953,
104740,G# Minor,0.5744390898069988,
104764,C Major,0.6215646353743631,
104146,G Minor,0.6234474543098214,
104818,G Major,0.8407892668186484,
104817,C Major,0.8594522113870964,
104763,A Minor,0.6575136144098129,
104825,G Major,0.8842938735756604,
104823,C Major,0.7285660564614515,
104819,E Minor,0.7733650213394423,
105011,C Major,0.8715234949211388,
105014,B Minor,0.6294892003067163,
105012,D Minor,0.787278617623098,
105016,B Major,0.8200255638021119,
105010,F# Minor,0.573286718344917,
105015,E Minor,0.8002251136486903,
104931,C Minor,0.826048064529441,
104930,F# Minor,0.8451996207927535,
105017,D Major,0.6515477529821071,
105019,D Major,0.8108601365708347,
105028,A Major,0.8958693473016534,
105050,A Major,0.8958693473016534,
105018,B Major,0.5940225350880031,
105030,A# Major,0.7258229644976043,
105051,C# Major,0.8933400206134691,
105053,D# Major,0.8919441208863528,
105055,F Major,0.8361368466560012,
105059,F# Major,0.8858762407330092,
105054,F# Major,0.9512096101577131,
105081,E Minor,0.6794402669405487,
105052,A# Major,0.7258229644976043,
105256,E Major,0.4227474802603134,
105365,E Minor,0.7788131259258739,
105367,E Major,0.7403203803219297,
105366,E Major,0.5924056982867417,
105369,G Major,0.7153180611204482,
105060,C Major,0.8802794609301884,
105372,B Minor,0.81108892690904,
105292,D Major,0.6417845525870911,
105368,G Minor,0.6866013921116009,
105373,G Major,0.7693047585564957,
105374,F# Minor,0.5952540483110502,
105379,G# Minor,0.2849599731629432,
105375,D# Minor,0.840053567776463,
105382,G Minor,0.7514198740428099,
105385,D Minor,0.4292950825531244,
105383,D# Minor,0.7051887431140198,
105377,A Minor,0.5842634415610432,
105275,A# Minor,0.8494001274434625,
105381,E Minor,0.7011835675333844,
105536,G Major,0.77527687655239,
105539,A Minor,0.7328379259147105,
105538,A Minor,0.6687662719536288,
105380,B Minor,0.4995389722401249,
105543,A Major,0.6745790229574257,
105544,D Minor,0.8170932511541764,
105540,A Minor,0.5708893560621116,
105541,C Minor,0.7365685068407244,
105664,A Minor,0.8000962613173865,
105663,B Major,0.7695781786640556,
105560,A Minor,0.71831925519436,
105559,F Major,0.838857468473221,
105666,A Minor,0.5847590370685013,
105668,G Minor,0.5756379268093371,
105674,F# Major,0.7839168853774765,
105699,D# Minor,0.713694005167219,
105667,C Major,0.5640285531639535,
105703,A Minor,0.7967765948746122,
105860,A Minor,0.6423093537124257,
106181,E Minor,0.6740533538099928,
106242,G Major,0.8609973235152151,
105976,A Major,0.7250086947306277,
106190,D Minor,0.8055182077518656,
106194,F# Major,0.5454981675966578,
106245,F# Major,0.894030875173842,
106246,F Major,0.9063984468942522,
106243,G Major,0.7658148556993947,
106244,F# Major,0.8990996922071272,
106248,E Major,0.8921240669758747,
106247,D# Major,0.8567257859669163,
106250,C Major,0.8397970517589929,
106254,C Major,0.804910281360128,
106249,F# Major,0.7853391030545158,
106255,A# Major,0.8773282573081934,
106256,C Major,0.845545184908002,
106251,D Major,0.8707360042742335,
106336,F Minor,0.41561802652598223,
106303,A Minor,0.3471358973393167,
106385,D# Minor,0.5862993202323279,
105758,G Minor,0.8227131964045692,
106387,D# Minor,0.44646639067866867,
105757,G Minor,0.7185267114903588,
106419,G Major,0.7654677016675515,
106392,A Minor,0.3911306271830004,
106391,C Minor,0.40139218532584786,
106418,C Major,0.8852925702829049,
106393,A Minor,0.6987352655955564,
106426,C Major,0.8507144385099371,
106423,E Minor,0.6242542153203205,
106424,D Major,0.8284706637899537,
106436,D Major,0.7954234936322415,
106433,B Minor,0.8714764720165259,
106441,A Major,0.5470561850279473,
106495,G Major,0.633298935163899,
106577,D# Major,0.7644014622053292,
106576,E Major,0.8325518807956587,
106580,G Minor,0.9150781653532839,
106578,G Major,0.7322021405468284,
106496,D Major,0.6678544802650248,
106582,D# Minor,0.8316292232359456,
106514,C Minor,0.5665744714690172,
106518,C# Minor,0.2936086058066666,
106581,B Minor,0.8427567662413009,
106583,C Minor,0.891575537769283,
106584,F Minor,0.7063258415420824,
106637,F# Major,0.888980696618799,
106633,F# Minor,0.7901316265694774,
106639,B Major,0.5488698380040637,
106703,G Minor,0.7346323628581193,
106667,D# Minor,0.6492352338936107,
106716,G Major,0.38785368247070057,
106609,B Minor,0.7352968111225815,
106607,D Minor,0.6599055880841782,
106603,D# Minor,0.6256646127038027,
106899,A Minor,0.5376069573561199,
106909,A Minor,0.5898887438497751,
106910,D# Major,0.5567344660372187,
106907,E Minor,0.5030656408678442,
106927,C Major,0.7530355377576542,
106878,G# Major,0.46863540897124756,
106905,C# Minor,0.3340595642553023,
107033,G Minor,0.7453294619902853,
106880,C Minor,0.7208801320288003,
106881,A Major,0.5445683009516045,
106857,A# Minor,0.6673041083098685,
107034,B Major,0.8749514351000219,
107040,D Major,0.7139911842372306,
107039,C Major,0.8809893298294807,
107038,G Major,0.8336126866284823,
107036,A Major,0.88545172949384,
107037,D Major,0.9028669631184298,
106971,D# Major,0.36608585894257883,
107041,G Major,0.9169182229141036,
107104,C Major,0.7464702725846816,
107101,A Major,0.6220546298225808,
107103,E Major,0.8337206512389433,
107042,D Minor,0.3498472249549189,
107102,G Major,0.6464398331331265,
107105,C Major,0.6625901848704654,
107172,G Minor,0.3912525655089988,
107174,C Major,0.7261815446866644,
107170,C Minor,0.9379494126817901,
107043,F Minor,0.25101903149067084,
107261,D Major,0.4555478664241687,
107171,A# Minor,0.31837036373674316,
107175,G Major,0.8413982405489424,
107222,A Minor,0.4727189228309495,
107173,F Minor,0.49705454102737634,
107265,E Minor,0.6944350454763192,
107259,G Major,0.7327742537371195,
107342,A Major,0.7588305419625369,
107346,E Minor,0.5335823627671089,
107344,G Major,0.8592650124734272,
107347,D# Minor,0.7661342991940358,
107350,B Major,0.7688422385618623,
107219,E Major,0.7739979589843808,
107345,D# Minor,0.6716582987289097,
107348,F# Minor,0.7566434234625005,
107353,F Major,0.6837817996911508,
107352,C Major,0.8631906455820277,
107351,B Major,0.8236886531671622,
107367,D Minor,0.49896848175476727,
107354,G Minor,0.6310141146065291,
107373,D Minor,0.5008120416913345,
107376,C Minor,0.47310046141132034,
107424,G# Major,0.9039610343035416,
107383,D Major,0.6520368262442319,
107403,D Minor,0.47090492264847955,
107480,G Major,0.31326813176411766,
107482,D Major,0.7689630753518945,
107481,G Minor,0.6722889809605481,
107473,A# Major,0.8140272663625524,
107483,A Minor,0.7638296563623317,
107477,G Major,0.8693082171774605,
107499,A Minor,0.771534548605908,
107404,A Minor,0.8582542823837915,
107475,A Major,0.7029262870962121,
107503,D Minor,0.7937716435112504,
107505,B Minor,0.4758165041818319,
107506,A Minor,0.6802090895811084,
107507,A Minor,0.7344911566562324,
107504,A Major,0.6987911814654078,
107502,A Minor,0.9449857872491502,
107515,G Minor,0.9445962575382425,
107519,A Major,0.9305339238226034,
107520,F# Major,0.8153336681476056,
107521,C Major,0.9376597971244848,
107523,G Major,0.8358064409651891,
107516,G Minor,0.5831118814099903,
107522,C Major,0.8982674153210868,
107525,E Major,0.7448748378277288,
107524,B Major,0.8214048829753908,
107527,C Major,0.8828146171192698,
107526,D# Major,0.9461695786010343,
107529,G Major,0.893696358135513,
107616,G Minor,0.5783779296936691,
107613,A Minor,0.6459733212766519,
107517,A Minor,0.698073618667985,
107614,G Major,0.6198029695337052,
107764,A Minor,0.5755643692504351,
107803,D Minor,0.7394232419439126,
107617,E Minor,0.5940037144734105,
107802,C Minor,0.4824971287528126,
107874,F# Minor,0.49486863175300544,
107853,A# Minor,0.7179095091667539,
107872,A Major,0.4733702203418031,
107854,B Major,0.7928140593269372,
107852,A# Major,0.7507582729347257,
107807,D Minor,0.539133573971461,
107856,G# Major,0.622530983480189,
107877,A Major,0.8502812870485046,
107884,G# Minor,0.8110491544413391,
107881,D Minor,0.8858136628264653,
107883,B Minor,0.576657668376773,
107891,C# Minor,0.7760612796221237,
107896,E Minor,0.8495660354461471,
107892,B Minor,0.8379285794028111,
107885,A Major,0.8262238090223026,
107878,D Major,0.5554818834920912,
107898,B Major,0.80942807521665,
107918,A Minor,0.8049481913264634,
107920,E Minor,0.9320144218526618,
107917,E Minor,0.9057658471560313,
107915,E Minor,0.9112976598997578,
107935,C Minor,0.5763888918287196,
107937,A Minor,0.6413955671353246,
107936,A# Minor,0.36842749090868665,
107922,D# Minor,0.911849812999226,
107914,D Minor,0.8671544570853998,
107930,D Major,0.33014441433314967,
107939,F# Minor,0.8648354114755297,
107941,E Major,0.7841116128679642,
107923,C Major,0.636958976556416,
107921,G Minor,0.8010829127723152,
107946,G Major,0.6695951524700651,
107943,G Minor,0.7169521968983197,
107950,F Minor,0.5426570035549493,
107945,D Major,0.7939015566635376,
107949,C# Major,0.7011638870080765,
107951,G Major,0.8433989923212275,
107955,E Major,0.6711625311114402,
107953,B Minor,0.7128951128043266,
107954,G Major,0.8401365992005339,
107952,D Major,0.8115740750160915,
107956,D Major,0.7676832482291231,
107957,A# Minor,0.8210087364392903,
107985,F# Minor,0.8755617331692159,
107986,E Major,0.8175534124969571,
107993,C Major,0.7388403518303325,
107987,B Major,0.8684453166170595,
107988,C Major,0.6167273843382399,
107991,E Major,0.6525315198361302,
107989,G# Major,0.8257591158843782,
107995,G# Minor,0.8618096160275734,
107994,D# Major,0.872732199133815,
107997,G# Major,0.9315539011388864,
107992,B Major,0.8940397720512748,
108013,F Major,0.924136778309307,
108006,C Major,0.8459415121605044,
107996,A Minor,0.7331448139997032,
108004,E Major,0.7621304522766983,
108002,E Minor,0.8740800751950316,
108020,D# Major,0.8560209090658824,
108011,C Major,0.6843550695130047,
108024,F# Major,0.8657446840596449,
108019,A# Major,0.9149276254457165,
108010,E Minor,0.8052992650819217,
108021,C Major,0.8593030583791678,
108025,A# Major,0.7979845664141365,
108009,D# Major,0.6767943195338042,
108030,F Minor,0.8343096946215109,
108031,C Major,0.7713098477973682,
108035,C Major,0.7593259416048901,
108029,G Major,0.8893678181680615,
108046,C# Minor,0.5874414922899533,
108032,C Major,0.8005063800740109,
108149,B Minor,0.6850655547613387,
108155,D Minor,0.7616077683850319,
108034,C Major,0.8916727430962262,
108151,E Minor,0.7147465934956609,
108153,A Minor,0.6915260459748501,
108150,B Minor,0.7587731130326992,
108152,E Minor,0.6733554211389957,
108157,G Major,0.72367750745202,
108159,D Minor,0.7489193952328413,
108156,D Major,0.6462212799010316,
108158,D# Major,0.8618122309804421,
108154,C Major,0.7602880828258841,
108160,C Major,0.6754233123383035,
108166,E Major,0.7386871926788512,
108161,F Major,0.896793461395786,
108163,A# Major,0.785858276290062,
108162,G Major,0.9311696627457587,
108167,A Major,0.8427500866360791,
108165,B Major,0.8923095043050107,
108164,G Major,0.8724507783613211,
108268,C# Minor,0.6751782581478427,
108267,C Major,0.7353583913355599,
108269,B Minor,0.48892135036022444,
108272,E Minor,0.36109941693257697,
108270,D Major,0.6907468041626514,
108291,F Major,0.6997194829390382,
108279,A Minor,0.7502631271115435,
108295,C Major,0.8719040125598259,
108281,F Minor,0.5205438568330293,
108282,E Minor,0.6894155691213706,
108294,G Minor,0.7086594932638817,
108280,C Minor,0.587937436591619,
108328,D Major,0.8710087605219562,
108297,A Major,0.8149418757454748,
108367,A Minor,0.8636532897564339,
108371,E Minor,0.7784982939882195,
108370,G Major,0.7544626581939685,
108339,C Minor,0.6984057870463105,
108369,A Minor,0.9325451814120237,
108373,C Minor,0.8619542216759156,
108375,C Major,0.8118733253331055,
108337,G Major,0.7049220074447627,
108391,E Major,0.9213220318762698,
108374,D Major,0.9084279403017581,
108393,C Major,0.8088005099116516,
108394,C# Major,0.7969482583626407,
108396,F# Major,0.8305952899589085,
108376,D# Minor,0.5644406979705727,
108395,G# Major,0.9141234120071838,
108399,D Major,0.900640138697313,
108397,D Major,0.8333880204443529,
108398,D Major,0.9269932175678836,
108400,D# Major,0.8687952998425091,
108458,G Minor,0.9696894121194185,
108456,G Major,0.90938829965943,
108404,G Major,0.6410494847502323,
108402,D Major,0.8751708362634542,
108401,D Major,0.8435308848157845,
108403,E Major,0.9472270015174209,
108457,F# Major,0.776676248374401,
108461,A Major,0.8412665933675715,
108470,C Major,0.6967908602882019,
108475,D Minor,0.862365263749691,
108479,C Minor,0.8320768441151021,
108473,G# Minor,0.7557794880527487,
108476,F Minor,0.8921621612755986,
108477,C Minor,0.8096753496400261,
108471,C Minor,0.8294647780398332,
108480,D Minor,0.5745047502222682,
108466,C Major,0.8377803899781647,
108469,C Major,0.7648213440928588,
108472,E Minor,0.6104452181021953,
108482,D Minor,0.563563836886419,
108483,C# Major,0.4301471018330286,
108484,C Minor,0.5579353431953731,
108505,D Major,0.7162945808578957,
108845,C Minor,0.4824960006570525,
108951,B Major,0.4315920734676873,
108939,G# Major,0.6551829577202918,
108938,G Minor,0.5505319544509581,
108958,G Major,0.8080878034726914,
108941,D# Minor,0.6419151016328606,
108953,E Minor,0.5670692034036218,
108957,E Minor,0.8096365624911882,
108959,B Major,0.49692560628881405,
108954,C Major,0.7097911607408697,
108956,G Major,0.8284891665046623,
109007,B Minor,0.5226893303567851,
108961,A Minor,0.6106937508902963,
109027,D# Major,0.9163967323765853,
109006,E Minor,0.8532403949176258,
108962,A Minor,0.5935050712603093,
109022,A# Minor,0.7869706260598229,
109023,G# Major,0.8103798354405652,
109029,G# Major,0.9387707970160426,
109033,D# Major,0.92817715495963,
109032,F Major,0.8901386338146396,
109030,A# Minor,0.8294981909066689,
109034,D Major,0.8391313552025745,
109092,A Minor,0.8586348295695087,
109098,E Minor,0.7138111189620102,
109031,G# Major,0.9518515592363899,
109026,G Minor,0.9086705075597225,
109095,F Major,0.6733122574089101,
109028,C# Major,0.8469477570519265,
109104,C Major,0.8530713611337049,
109101,C Major,0.870210243104445,
109116,D Major,0.9364410297370906,
109123,A# Minor,0.7755221945909807,
109114,G Major,0.6829217271378045,
109102,C Major,0.834344652852734,
109118,G Minor,0.8396845785245984,
109119,C Major,0.5265476433319816,
109193,G Major,0.5178259143456141,
109035,D# Major,0.7244262801354834,
109152,D Minor,0.48640117851972303,
109195,G Major,0.7579990328111738,
109207,G Major,0.6077015702805857,
109125,A# Minor,0.874146743946895,
109200,G Major,0.8183134359582187,
109240,E Minor,0.7529619119008755,
109127,A# Minor,0.9186125582772653,
109196,C# Minor,0.32820131866169827,
109124,A# Major,0.7570178501133521,
109313,F# Minor,0.6589746200784077,
109252,D Minor,0.763153053218677,
109296,C Major,0.8599855071491233,
109349,G Minor,0.43456252033504467,
109441,B Major,0.589781754131718,
109472,B Major,0.6580537765854629,
109128,A# Major,0.7368405216084146,
109501,D Major,0.6436201127583445,
109516,F Major,0.9398508265554049,
109514,E Minor,0.950584425952202,
109518,G Major,0.589147651043448,
109517,G Major,0.6085682840219199,
109515,D Major,0.7339157567053282,
109521,F Major,0.832500577610556,
109286,F Major,0.990521291844237,
109522,A Major,0.6297449767176561,
109520,D Major,0.8898851031945774,
109293,D Major,0.4918176972813881,
109634,G Major,0.7682857388520261,
109674,E Major,0.7538988255507322,
109523,G# Minor,0.9502033255765314,
109673,A Major,0.716355954184765,
109671,F Major,0.822377940954502,
109635,A Minor,0.7633202135304874,
109690,D# Minor,0.5908889642380889,
109688,C Major,0.8614217733579236,
109897,F Major,0.6524842720361648,
109927,C Minor,0.704253437542573,
109691,F# Minor,0.6588843861186787,
109932,G# Minor,0.7688672267483629,
109929,B Minor,0.8111629298323655,
109956,D Major,0.8614082563053912,
109930,F# Minor,0.6935491690662302,
109933,A Minor,0.8917283285491567,
109934,G# Minor,0.6616242816361653,
109926,D Minor,0.7798192331078275,
5045,D Major,0.4663271291367719,
109717,C Minor,0.7339456584459814,
18691,G Minor,0.7775265271107901,
29448,D Major,0.4762383237977991,
14739,E Minor,0.7456786092987063,
20934,E Major,0.7512895954746036,
39055,F Minor,0.4769932938638394,
110544,A Minor,0.686093298998614,
110943,C Major,0.5742627685288307,
62903,A# Major,0.8921077767603696,
91735,C# Minor,0.7658221922270662,
103522,C Major,0.9238117612059552,
110983,E Major,0.7118169779915088,
111213,E Minor,0.7330527564207081,
111211,B Major,0.7199454731697554,
111208,A Minor,0.8386794908978449,
110982,C Major,0.8812730875740071,
110981,E Minor,0.874217524487798,
111270,B Major,0.6684004730356697,
110980,E Minor,0.6141238167311845,
111271,E Minor,0.731410932543298,
111274,E Minor,0.8195129784626265,
111269,D Minor,0.7456179048325177,
111272,C Major,0.9255714374290102,
111275,D Major,0.8702129210279099,
111277,A Minor,0.731530894218476,
111279,D Major,0.738860833538872,
111273,E Minor,0.7520692265662962,
111667,E Minor,0.6779837061494074,
111278,E Major,0.7284921535884957,
111902,E Major,0.9131255167541777,
111904,E Major,0.6385492393701531,
111276,A Major,0.8887383932084272,
111910,C Major,0.8229395111456219,
111905,E Major,0.8504835523347918,
111906,C# Major,0.8856700030219276,
112313,A Major,0.86401211536158,
111908,D Major,0.8822802340484666,
111909,E Major,0.8766727388375624,
111907,D Major,0.6822213736486973,
111911,E Major,0.8217048832303753,
112318,D Minor,0.7708432236300266,
112314,G# Minor,0.8132965723864581,
112315,F# Major,0.734356329715193,
112352,B Major,0.619450391563806,
112353,A Minor,0.8753275115783863,
112359,E Minor,0.6327626070290835,
112358,A Minor,0.7904807891810945,
112316,D Major,0.7920723589749193,
112357,A Major,0.6329128486746363,
112355,D Major,0.8325076296875444,
112361,G Major,0.7727342553834967,
112363,A Minor,0.3268597076596151,
112559,F# Minor,0.8424079260669519,
112369,C Minor,0.5953336274374766,
112535,C Minor,0.5676366233251883,
112362,D Major,0.5999187353144524,
112364,D Major,0.5994116005622028,
112563,D# Minor,0.725306326734993,
112560,F# Major,0.8935510092068024,
109277,E Minor,0.338759687397695,
112567,C# Major,0.840875637708113,
112565,C Minor,0.7674288745518041,
112564,D Minor,0.6922969397392257,
113298,G Major,0.5548247212557003,
112562,F# Major,0.8932317803872875,
112566,D# Minor,0.7536698621891784,
113327,G Minor,0.49159995142102686,
113955,G Minor,0.6446360455667629,
113326,D Minor,0.27598037837747236,
114198,D Minor,0.7723107498091683,
114322,A Major,0.7117494019066405,
114312,A Major,0.7337650680982155,
114861,F# Major,0.7277997555208089,
114201,D Minor,0.842689965289629,
114200,D Minor,0.9298580856881783,
115358,C Minor,0.8437657600150866,
115357,A Minor,0.9378524847384471,
115359,A Minor,0.761331360459635,
115361,E Major,0.6956244481461145,
115363,A Minor,0.679715233058962,
115366,C Major,0.6612054239422571,
115368,C Minor,0.48026296363058785,
115367,G Minor,0.7325018481697592,
115356,D Minor,0.6715285027254768,
115371,C Major,0.674526245930086,
115373,C Minor,0.3575031475730619,
115364,C Minor,0.7845145446430195,
115369,A Minor,0.5077632094732283,
115375,G Major,0.8219980677100253,
115378,D Major,0.6883483087821625,
115372,C Major,0.7388267243784213,
115377,G Minor,0.46803919934399546,
115382,C Major,0.8290088393513083,
115383,G Major,0.7125007236966724,
115362,G Minor,0.619962863570796,
115381,C Major,0.827870243483659,
115376,C Minor,0.6979692859056196,
115385,C Major,0.810403839015391,
115380,C Minor,0.5606638792715587,
115384,C Major,0.7619073472569708,
115379,A Minor,0.8537763830378012,
115388,C Major,0.7908896659276998,
115386,C Major,0.6542828295996197,
115389,F# Minor,0.6921165960278782,
115391,F Major,0.7621624491677853,
115387,D Minor,0.4208178309916517,
115370,C Minor,0.6467950460595882,
115392,A Major,0.5192695327394292,
115665,D Major,0.6827682460292528,
115666,D Minor,0.8363211428607343,
115667,A Minor,0.6729155011275465,
115663,E Minor,0.7199565424730568,
115668,F# Minor,0.7025761289567966,
115670,A Minor,0.7804215017255928,
115664,D# Minor,0.795420109264757,
115669,A Minor,0.6995736299252334,
115671,C Major,0.7820140167583257,
115673,D Major,0.8401309015054252,
115672,G Major,0.7093614398654481,
115676,E Minor,0.7004573418158554,
115675,C Major,0.591605755232948,
115681,G Minor,0.4000840619776251,
115674,G Major,0.7640272247886806,
115680,A Major,0.7127440316789178,
115678,G Major,0.8937215860045531,
115677,G Major,0.7310851558532191,
116563,G# Major,0.4664793034392483,
115679,D Minor,0.7320814477604262,
116456,B Major,0.7552958948111076,
116570,C# Minor,0.7421746443363674,
116574,C Major,0.7156514008787925,
116565,G Major,0.5524237082440144,
116549,C Major,0.9039117438013956,
116575,E Minor,0.7669551633593323,
116571,D Minor,0.7804873520946783,
117881,G Major,0.8381284520650105,
117517,G Major,0.8925249499888106,
117519,C Major,0.8952699801624624,
118591,F Major,0.7645829534333531,
116577,D Minor,0.43022132312731026,
118592,G Major,0.862628646616599,
118595,A# Major,0.790870603396449,
118594,E Minor,0.712276523896115,
118593,E Minor,0.7205663426123248,
119049,A# Major,0.46415728789795846,
119232,B Major,0.7905758744218346,
119050,C Major,0.5401795128576442,
118598,E Major,0.8981814142168518,
119234,B Major,0.7342703399191979,
119241,A Major,0.7887636660812705,
119233,E Major,0.780237125742886,
119238,D Minor,0.5813370637049967,
119239,E Major,0.9254026229573685,
119237,D Minor,0.6553750110025913,
119243,G Major,0.7537189395469202,
118599,B Major,0.5305912720975063,
119242,G Major,0.831352009113852,
120424,F Major,0.4812896831554867,
119244,G Major,0.7791813513674839,
120426,B Major,0.7665886019344789,
120425,G Major,0.8784579047798298,
120427,A Major,0.8587038407192035,
120428,G Major,0.730467614761652,
120429,C Major,0.7457934618670602,
121207,D Minor,0.7817954371246446,
120430,G# Major,0.9250020926217956,
121208,A Major,0.5596690309985033,
120431,G Major,0.9072023895742792,
121213,D# Minor,0.8092278953141298,
121209,C Major,0.7207283405924821,
121216,C Major,0.9459394952397823,
122465,E Major,0.7040449574733156,
122041,G Minor,0.6540860233769582,
122048,D# Minor,0.6073742492401124,
122464,F Major,0.8868377574246831,
121256,C# Minor,0.794187173994249,
122047,C Minor,0.6140221456129783,
122466,F# Major,0.8491770945153411,
122467,C# Minor,0.7518765556964617,
122468,D# Major,0.849660894934242,
122050,F# Minor,0.6215969794663793,
122470,E Major,0.8527053290528736,
122471,G Major,0.8222465656713258,
122713,C Major,0.6077586250829407,
122625,C Minor,0.670064513423734,
122472,C# Minor,0.7615119678806769,
122635,G Major,0.39650498001254186,
122049,A Minor,0.5258993260075865,
122628,B Minor,0.7099946992253392,
122765,A# Minor,0.3174449435965499,
122883,D Minor,0.5268190994554275,
123431,D Major,0.7353271721865823,
122631,C Major,0.6832502524211355,
122999,B Major,0.7402541524047054,
123000,B Minor,0.7895902401960877,
122767,C Minor,0.5540942032607397,
123563,G Major,0.7722559635725887,
123470,G Major,0.7208619455542553,
123741,E Minor,0.5883125138708448,
123739,G Minor,0.5880462555725161,
123742,C Major,0.8722760907460968,
123903,B Major,0.795971013446529,
123943,E Major,0.9149519241621327,
123743,C# Major,0.6396929968862002,
123944,A Minor,0.7977226991303831,
123946,G Minor,0.7940622619613976,
123951,C Major,0.9399884801171521,
123947,F Major,0.8228183971230564,
123945,E Minor,0.9092177839378413,
123952,A# Major,0.728616901018566,
123954,B Major,0.8312909334371966,
123823,E Major,0.8260213735614388,
123955,D Major,0.6729160612459666,
123960,E Minor,0.768524425703723,
123958,G Major,0.7537695609752686,
123961,E Major,0.7991870108388942,
124137,C Major,0.765784927436564,
123963,B Minor,0.7462362326673835,
123962,E Minor,0.7821411969748897,
124185,G# Major,0.6115934163691298,
124184,E Minor,0.609398562400615,
124186,G# Minor,0.7634911030546571,
124523,D Major,0.5568180727341808,
124525,A Minor,0.5412999373286687,
124527,E Minor,0.8472718116108248,
124526,C Major,0.571041508386375,
124528,D Major,0.6388430200555715,
124710,G# Major,0.5535094529254095,
124530,C# Major,0.6702109619930199,
124856,D Minor,0.5716222906822448,
124765,C# Minor,0.5216771909190774,
124864,B Minor,0.5751041770492289,
124911,G# Major,0.892412424717512,
